bot,position,pool,pair,created_at_utc,closed_at_utc,deposit_sol,withdrawal_sol,fee_sol,pnl_sol,pnl_usd,mode,strategy,event,exit_reason,peak_pnl_pct,hold_minutes,ai_holds,bin_width
azimuth,4JZrpxhTVCxQNSyjhRhx1nQnsohD2gPJ6HAgJHhti4iv,5QpDQ6ddkv1ArytJQ991kh8doeXPrt9hHFWK2HmEToDm,FRIES-SOL,2026-09-05T16:13:44+00:00,2026-09-05T16:43:59+00:00,0.159999977,0.159994448,0.000004800999999999992,-0.0000007279999999776354,0.035954210729663316,pulse,sol_bidask,exit,Low yield (Fee/TVL 24h: 0.14% < 5.0% after 30.1m),0.4139,30.25,0,44
azimuth,GEHHuAqdqDaQbBPmmoJgGjy97YkovLFUp8nVFkuwhj9s,8LZK8W9Pp6GrMKCoTALS3AZ6eAX62uKv8bHPY57iXZkL,OTC-SOL,2026-09-05T14:53:45+00:00,2026-09-05T17:08:07+00:00,0.329999978,0.3286072379291132,0.006073474581515564,0.004680734510628781,0.71318045327628,turnover,sol_bidask,exit,"Fast-out dump exit (5m -4.0% <= -3.0% with PnL +2.05%, peak +2.18%) — realizing before floor gap-through",2.1848,134.36666666666667,0,44
azimuth,AQbdtzwJaTXinNuwtW5LPfVVTSTBvbf8TW3DaeozegYm,ESFRBnw6arbADgvjw9PpSsEFq9gS8TkM1ZXGnKo2ZVKQ,REDACTED-SOL,2026-09-05T17:20:17+00:00,2026-09-05T17:21:59+00:00,0.15729607099998397,0.1586695158477114,0.0009521684842243418,0.0023256133319517758,0.242485466529331,turnover,balanced_tight,exit,"Trailing Take-Profit hit (Peak: 1.75%, Current: -0.15% <= ratchet floor 1.15%)",1.7507,1.7,0,26
azimuth,9x7sxr9u7Jq2qtWG99kYm8PZskPAowpBq8F6cLA8gXge,8LZK8W9Pp6GrMKCoTALS3AZ6eAX62uKv8bHPY57iXZkL,OTC-SOL,2026-09-05T17:09:23+00:00,2026-09-05T17:25:43+00:00,0.32999999100000005,0.32997025299999994,0.00031379834548701953,0.00028406034548689174,0.1008805964367454,turnover,spot,exit,Out of Range for 5.2m (limit 5m),0.2458,16.333333333333332,0,20
azimuth,AeefH74rdmmau7L8KNo3nxaPWwhfD8JcR8kyZtdfvRZ4,3T6pPCvChxMWvGavkyNSFN7UyiMeUwV3NbHHTybPogFC,BUTTHOLE-SOL,2026-09-05T17:35:03+00:00,2026-09-05T17:46:08+00:00,0.2969922384968603,0.2899544470755565,0.0004272435136477053,-0.006610547907656084,-0.7835711380256178,turnover,balanced_tight,exit,"Downtrend dump, unconfirmed (PnL -3.60% <= -2.5%, no 1h confirmation) — exit before the SL floor",1.0364,11.083333333333334,0,20
azimuth,4Qzdm7zHrT33c7NbH7RCjJhffzgZnym9JSUWe51raKNr,8LZK8W9Pp6GrMKCoTALS3AZ6eAX62uKv8bHPY57iXZkL,OTC-SOL,2026-09-05T17:25:57+00:00,2026-09-05T19:26:17+00:00,0.329970242,0.3237199009729734,0.0033334273306318742,-0.002916913696394796,-0.3177391018716449,turnover,turnover_rebalance,exit,"Stale ticket re-pin (121m in range, peak +0.94% never armed the 1.2% ratchet, fee/TVL 12.2%)",0.939,120.33333333333333,0,20
azimuth,FUYKCgWghkNp6RhsEaBRDAw2RCwqw5J2cb4Bm325GaDn,GsEvAZbjtshQJ1hZEybw5ot2t5PqZqgUpCEXojuRTH1F,nub-SOL,2026-09-05T19:08:32+00:00,2026-09-05T19:38:51+00:00,0.149999978,0.14997057879653514,0.00009442356520103086,0.00006502436173616566,-0.025696506372065997,pulse,sol_bidask,exit,Low yield (Fee/TVL 24h: 2.95% < 5.0% after 30.0m),0.1568,30.316666666666666,0,44
azimuth,7G31RU5ALFjTngF7W8qELuaXtBsNXg5gQXNYWUHCqGsS,3T6pPCvChxMWvGavkyNSFN7UyiMeUwV3NbHHTybPogFC,BUTTHOLE-SOL,2026-09-05T20:00:47+00:00,2026-09-05T20:31:08+00:00,0.319999977,0.319991875,0.000007105999999999998,-0.000000996000000030861,-0.05159003800645934,pulse,sol_bidask,exit,Low yield (Fee/TVL 24h: 0.11% < 5.0% after 30.2m),0.0899,30.35,1,44
azimuth,7qHbkFfP5Yu5F3fZk3CkhDpcWYYKS3nxZJErJBW7aQtF,54sbyULrreD9HBoV5wRWedeCBEw6gQ7VkdHW18rLX78e,CTO-SOL,2026-09-05T23:09:39+00:00,2026-09-06T00:24:15+00:00,0.319999977,0.316653881804241,0.006255971156536026,0.0029098759607770197,0.3333790279617048,pulse,sol_bidask,exit,"Trailing Take-Profit hit (Peak: 1.37%, Current: 0.59% <= ratchet floor 0.77%)",1.367,74.6,0,44
azimuth,C27qHUF7HWpmcsdaXX1GKcczQX3yUKPTYHRcr9xsNQsF,5Vo1BAJ888m3Mn5dVxLNXtCkdmxVN6RDNDocMHM75yG,FROGE-SOL,2026-09-06T00:23:37+00:00,2026-09-06T00:54:40+00:00,0.149999978,0.149999777,0.00003230660995924897,0.000032105609959254267,-0.002796578586595544,pulse,sol_bidask,exit,Low yield (Fee/TVL 24h: 1.00% < 5.0% after 30.2m),0.1563,31.05,0,44
azimuth,2XbEjNMhtujLpBuhzGEYMTkWkjzNF7wekDxHQLjpL1A7,54sbyULrreD9HBoV5wRWedeCBEw6gQ7VkdHW18rLX78e,CTO-SOL,2026-09-06T00:42:38+00:00,2026-09-06T01:13:41+00:00,0.22999998000000002,0.22999963500000004,0.000015716608192197735,0.000015371608192205066,0.07708751020805238,pulse,sol_bidask,exit,Low yield (Fee/TVL 24h: 0.32% < 5.0% after 30.5m),0.1874,31.05,0,44
azimuth,C3aVSwFE4ACLNTqE8ah8xUBvvhEwWJK4Q51a1Q9CuB5P,FxPPZGPiTNYzgdMkNgAkA8QRZjNxurjBo7JgPt9z4T5X,MADE-SOL,2026-09-06T01:17:06+00:00,2026-09-06T01:47:40+00:00,0.329999978,0.32996538520741797,0.0000531611188042279,0.000018568326222156983,0.10618032865583871,pulse,sol_bidask,exit,Low yield (Fee/TVL 24h: 0.77% < 5.0% after 30.0m),0.2946,30.566666666666666,0,44
azimuth,2fmvFoMcxyXQ5pTeRucy7r4UHfGgLX1Pxvid4b85xf49,ptVzGfsAqXSqdmkQ2AmxSjbHxp4PL38oSajfSitRgwR,testicle-SOL,2026-09-06T02:37:44+00:00,2026-09-06T02:37:58+00:00,0.159999979,0.15999792431021492,0.000009753570060886882,0.000007698880275824882,-0.0009252146986860055,,,,,,0.23333333333333334,,44
azimuth,5aiCRnCh64jrXLyL7sqCFLJKGotgsSvLzdtEkqqv2eTp,ARqHS4dXM989rYBjDKzx249yqBXQtdrUioemyoGEnAnk,biketyson-SOL,2026-09-06T02:34:14+00:00,2026-09-06T02:54:48+00:00,0.319999977,0.3199910350000001,0.0011799949999999999,0.0011710530000000885,0.10295745278637014,turnover,sol_bidask,exit,Out of Range for 5.2m (limit 5m),0.4171,20.566666666666666,0,44
azimuth,3SWAek5BuzLZW1qJP48P8KxHsupUNG5eyLQttKe2nhsE,ptVzGfsAqXSqdmkQ2AmxSjbHxp4PL38oSajfSitRgwR,testicle-SOL,2026-09-06T02:37:53+00:00,2026-09-06T03:38:44+00:00,0.15999997800000001,0.15996801489151216,0.00017002053747327775,0.0001380574289854275,0.40943132608447996,turnover,sol_bidask,exit,Low yield (Fee/TVL 24h: 2.57% < 5.0% after 60.2m),1.488,60.85,0,44
azimuth,CsWAzdys6SvoxVBqyxxQgyHZpojBZGRJCGFuq8qqVrcq,xg71xrhn7MEj5akrZGteuYeiTLbBzyNCpBn69bRYd5a,GTA6-SOL,2026-09-06T04:26:43+00:00,2026-09-06T05:18:57+00:00,0.31999997699999994,0.31610001485414585,0.007304237999999999,0.003404275854145933,0.26320883868599054,pulse,sol_bidask,exit,"Thin pool liquidity ($6,688 < $7,000 floor) — exit before it strands",1.4105,52.233333333333334,0,44
azimuth,6w6rkwN8xqJRq3XBA62zyr57TqQikQwUWLAvMkREUFaN,5Vo1BAJ888m3Mn5dVxLNXtCkdmxVN6RDNDocMHM75yG,FROGE-SOL,2026-09-06T06:04:22+00:00,2026-09-06T06:10:33+00:00,0.1579736808303923,0.162320597,0.0024711520000000003,0.006818068169607727,0.710245594699142,turnover,balanced_tight,exit,Out of Range for 5.1m (limit 5m),4.3247,6.183333333333334,0,20
azimuth,4acezdLrxKNkH8jxwE76Tg99MavA1hcsFXsHy5Qpo1JK,DchDNJc71s11WaHzJRjzW4qG6qbYC8ySzbBMcFmnAThk,BULLSHIT-SOL,2026-09-06T05:55:11+00:00,2026-09-06T06:26:08+00:00,0.319999977,0.3196406144361446,0.00023810759206351311,-0.00012125497179188427,-0.2636408356700599,pulse,sol_bidask,exit,Low yield (Fee/TVL 24h: 3.44% < 5.0% after 30.2m),0.0,30.95,0,44
azimuth,Gnxcj9E5dV7qqkur8nDwHBgCocfsRb3r6k6yshe9oLG,5Vo1BAJ888m3Mn5dVxLNXtCkdmxVN6RDNDocMHM75yG,FROGE-SOL,2026-09-06T06:11:03+00:00,2026-09-06T06:50:29+00:00,0.15999999,0.160009419,0.004044247032153404,0.004053676032153397,0.31919694503695695,turnover,turnover_rebalance,exit,Out of Range for 5.3m (limit 5m),1.9507,39.43333333333333,0,20
azimuth,EKNdmtfhXJBqwm4VjCgc7Y2MSdbRPtSPRJjozADkw6bW,5Vo1BAJ888m3Mn5dVxLNXtCkdmxVN6RDNDocMHM75yG,FROGE-SOL,2026-09-06T06:51:06+00:00,2026-09-06T07:32:26+00:00,0.15999998999999998,0.14550272879321566,0.014148708719047316,-0.0003485524877370194,-0.11338804674483072,turnover,turnover_rebalance,exit,RUG velocity dump (-21.9% in 5m <= -20%) — emergency exit before it goes to zero,4.5465,41.333333333333336,0,20
azimuth,EskgDfJKZZZp8yibbfYCfsA6xUyJSqj6pMmHju6wUEEL,FxPPZGPiTNYzgdMkNgAkA8QRZjNxurjBo7JgPt9z4T5X,MADE-SOL,2026-09-06T10:06:26+00:00,2026-09-06T10:12:35+00:00,0.31871969787478655,0.3011515654277548,0.001855377939011991,-0.01571275450801979,-1.6992098399351505,turnover,balanced_tight,exit,"Downtrend dump, unconfirmed (PnL -2.88% <= -2.5%, no 1h confirmation) — exit before the SL floor",0.0,6.15,0,20
azimuth,5Qsn4rNV8T2GgcatVWjVAMstAwsjbAq1ximSRefDML22,FxPPZGPiTNYzgdMkNgAkA8QRZjNxurjBo7JgPt9z4T5X,MADE-SOL,2026-09-06T10:06:14+00:00,2026-09-06T10:13:59+00:00,0.31999998,0.31971085138003524,0.00025996278537764614,-0.0000291658345871193,-0.026255216623965794,pulse,sol_bidask,exit,"Downtrend dump, unconfirmed (PnL -2.88% <= -2.5%, no 1h confirmation) — exit before the SL floor",0.0,7.75,0,44
azimuth,D7pCN4cb8w6eo9eCbY7fVph7ZAKPQ18Hakbyvr8dJ79E,5Vo1BAJ888m3Mn5dVxLNXtCkdmxVN6RDNDocMHM75yG,FROGE-SOL,2026-09-06T10:19:38+00:00,2026-09-06T10:22:14+00:00,0.29438538899992767,0.2942643074778769,0.0020202431533770425,0.0018991616313263071,0.17280907600998674,turnover,balanced_tight,exit,"Trailing Take-Profit hit (Peak: 1.86%, Current: -1.14% <= ratchet floor 1.26%)",1.8582,2.6,0,20
azimuth,76k1c118tr9fm3t6quMs6YETi6GDg3xK3tuAyMCtfdGN,R88hawBDy3CTiX7F7woKgMJAXbed7f5H38qR4FB2eav,world-SOL,2026-09-06T11:51:07+00:00,2026-09-06T12:24:31+00:00,0.289999977,0.28999527700000005,0.00040525918401781264,0.00040055918401782353,0.05901051726461404,pulse,sol_bidask,exit,Out of Range for 30.1m (limit 30m),0.3136,33.4,0,44
azimuth,5ZKArr5N8fR14Z4kiFz2QmUfsK6eLsMkUTNtSrnDHyjL,68C62WPYiiNZxprbuaMj2ULXpiTDKcs5xsX7kBGnyajR,MANLET-SOL,2026-09-06T12:39:43+00:00,2026-09-06T12:52:14+00:00,0.5452788110210933,0.5213856061852444,0.0007532490206158618,-0.023139955815232982,-2.475335008153813,turnover,balanced_tight,exit,"Downtrend dump, unconfirmed (PnL -3.43% <= -2.5%, no 1h confirmation) — exit before the SL floor",1.0532,12.516666666666667,0,20
azimuth,5rMJ6mAB7Un8ybuUuaXdyNMQ7HqYj9McpFVHTrf3bcuC,8ypwVWHVY3KbCEe5S2D41HW8sLMrXYFcbqBoNCyAiYBQ,STONKS-SOL,2026-09-06T13:06:22+00:00,2026-09-06T13:08:22+00:00,0.2775741211148105,0.2774246936982034,0.00016529798624865524,0.000015870569641529553,0.0597420296734299,turnover,balanced_tight,exit,"Trailing Take-Profit hit (Peak: 1.36%, Current: -1.40% <= ratchet floor 0.76%)",1.3605,2.0,0,20
azimuth,3UicLYZN2fyPjTuNupeXpv4PcC5XNxLJZaqLrzQ52X7K,9VvT8iC4bkVGiUpuvJ2SMCj5DJA4W6uFTrhwVyed3iYr,MOS-SOL,2026-09-06T13:48:25+00:00,2026-09-06T14:11:42+00:00,0.279999973,0.28000006699999996,0.000062479,0.00006257299999995469,0.01666356968655691,pulse,sol_bidask,exit,"Thin pool liquidity ($1,887 < $7,000 floor) — exit before it strands",0.4467,23.283333333333335,0,53
azimuth,923EZuJPBtVNZkWoxNsCKrKxZz9FsVMuYSFwpps1j4JE,FkyP1qNhRes63wfGtzGue4G32p36nwVSHzKwW4bJY9br,BILL-SOL,2026-09-06T14:15:55+00:00,2026-09-06T14:20:18+00:00,0.09684036186326422,0.09301665033259894,0.002089742,-0.0017339695306652775,-0.22386311166337336,turnover,balanced_tight,exit,"Fast-out dump exit, underwater (5m -10.3% <= -3.0% with PnL -1.84% <= -1.5%) — cutting before the downtrend level",0.4739,4.383333333333334,0,20
azimuth,GXaaj1TznYWgM5VSgW5jfiBUgdwvygbagHuEHtJuBq9A,2TD1fMPg2w7Hjt8bASSdxi92YFNQFgvdznqVApe3NGpn,KET-SOL,2026-09-06T14:12:22+00:00,2026-09-06T14:24:32+00:00,0.279999981,0.279995325,0.00003812286268483215,0.000033466862684849996,-0.19682066025643508,turnover,sol_bidask,exit,Out of Range for 5.2m (limit 5m),0.0,12.166666666666666,0,44
azimuth,CkhAL2cGVZJBw1S4wuM4y7KoscMb7fMr6FTwCzH1yqej,2TD1fMPg2w7Hjt8bASSdxi92YFNQFgvdznqVApe3NGpn,KET-SOL,2026-09-06T14:25:08+00:00,2026-09-06T14:53:28+00:00,0.27999999,0.28000616,0.001403059606341809,0.001409229606341822,0.19689375355925876,turnover,turnover_rebalance,exit,Out of Range for 5.7m (limit 5m),0.6363,28.333333333333332,0,20
azimuth,E4aMz5f63diyBy7ZafZ8soTcuHoJYqLM6DBnBQ7jd3u1,R88hawBDy3CTiX7F7woKgMJAXbed7f5H38qR4FB2eav,world-SOL,2026-09-06T14:13:09+00:00,2026-09-06T15:18:43+00:00,0.11999998099999999,0.119999167,0.0024518714954106374,0.0024510574954106495,0.14002526565295703,pulse,spot,exit,"Trailing Take-Profit hit (Peak: 1.77%, Current: 1.04% <= ratchet floor 1.17%)",1.774,65.56666666666666,0,44
azimuth,FQRpSGvgyK7Xm49UVuVQXCbcpSuKFxmx4LvKt1V7Gxte,9aXA6qqqXueA6Eq9WPRgas4wQgjPCEspzutbaS3UZkXT,CLANKER-SOL,2026-09-06T15:31:45+00:00,2026-09-06T15:32:22+00:00,0.1071049362378467,0.10653239489273587,0.0006418449999999999,0.00006930365488917734,0.004800578110698339,turnover,balanced_tight,exit,"Fast-out dump exit (5m -7.7% <= -3.0% with PnL +1.63%, peak +1.63%) — realizing before floor gap-through",1.634,0.6166666666666667,0,24
azimuth,Hu439pSCP4143fKpRGtA7Rz2bqaJHxbZSA2UvPGMbfm7,2TD1fMPg2w7Hjt8bASSdxi92YFNQFgvdznqVApe3NGpn,KET-SOL,2026-09-06T14:53:58+00:00,2026-09-06T15:40:50+00:00,0.27999999000000003,0.27999807476152977,0.0016587586290821026,0.0016568433906118396,0.13630784194461754,turnover,turnover_rebalance,exit,Out of Range for 5.1m (limit 5m),1.1381,46.86666666666667,0,20
azimuth,6r48NPoss1Jw9xguCffEa5HLXAfrBGE41UJQWaRzVJrn,9aXA6qqqXueA6Eq9WPRgas4wQgjPCEspzutbaS3UZkXT,CLANKER-SOL,2026-09-06T15:33:23+00:00,2026-09-06T15:56:52+00:00,0.10999998999999999,0.109985675,0.001739802,0.0017254870000000117,0.19397737951933003,turnover,turnover_rebalance,exit,Out of Range for 19.1m (limit 5m),1.8554,23.483333333333334,1,20
azimuth,FNZxj6CLYMkThXSG29V7w46tNvp9ipsFiggaLgpPSFvQ,9aXA6qqqXueA6Eq9WPRgas4wQgjPCEspzutbaS3UZkXT,CLANKER-SOL,2026-09-06T15:57:37+00:00,2026-09-06T16:03:12+00:00,0.10999999,0.10816089592109247,0.002084913,0.00024581892109246106,0.014699343922131902,turnover,turnover_rebalance,exit,"Fast-out dump exit (5m -9.3% <= -3.0% with PnL +1.25%, peak +1.25%) — realizing before floor gap-through",1.2463,5.583333333333333,0,20
azimuth,ACKEPV4qYZZzVnvUtb1ZHHMj9drc8x6yvJPozqVsGFHo,9aXA6qqqXueA6Eq9WPRgas4wQgjPCEspzutbaS3UZkXT,CLANKER-SOL,2026-09-06T16:04:02+00:00,2026-09-06T16:05:56+00:00,0.10999999,0.10399730501097454,0.005816979,-0.00018570598902546698,-0.007667822850928374,turnover,turnover_rebalance,exit,RUG velocity dump (-24.2% in 5m <= -20%) — emergency exit before it goes to zero,0.0,1.9,0,20
azimuth,Hdw1zpbn9JunUVPgTUD9ffBRhPdP5rv4x8rGjWioHpzd,2TD1fMPg2w7Hjt8bASSdxi92YFNQFgvdznqVApe3NGpn,KET-SOL,2026-09-06T15:41:32+00:00,2026-09-06T16:41:06+00:00,0.27999999,0.27958402078012495,0.00023539027083728395,-0.0001805789490377241,0.11201392291034296,turnover,turnover_rebalance,exit,Low yield (Fee/TVL 24h: 2.03% < 5.0% after 60.2m),0.154,59.56666666666667,0,20
azimuth,8Ku7bgEeRsJCs7KSYHj6GFTiET1fEaaLh9EdFuFYANZU,953MwRPrSjhY6FzjaiGLcEMTKbiXmdfrx6oCs2dx4oAy,FRIES-SOL,2026-09-06T16:46:24+00:00,2026-09-06T17:17:22+00:00,0.09999997499999999,0.099999236,0.000017474999999999998,0.00001673600000001718,-0.009594804545640656,pulse,sol_bidask,exit,Low yield (Fee/TVL 24h: 0.82% < 5.0% after 30.2m),2.3489,30.966666666666665,0,53
azimuth,FSQ7bgJbWnsCWqWVsLHk55twkrysju6qhMF3b9vN6ucm,ptVzGfsAqXSqdmkQ2AmxSjbHxp4PL38oSajfSitRgwR,testicle-SOL,2026-09-06T16:42:14+00:00,2026-09-06T17:28:34+00:00,0.17999997800000003,0.17996589339179708,0.000031588791982774965,-0.000002495816220166036,-0.033753957716953664,turnover,sol_bidask,exit,"Trailing Take-Profit hit (Peak: 2.47%, Current: -0.14% <= ratchet floor 1.87%)",2.4694,46.333333333333336,0,44
azimuth,5LnpHoT3VmojysxXkJz6EfCziH2N46eUVZgKTMWukw92,7AqRdscJbVd2m3o3kPnNQHSMHNwFUyWNU2NRctyteADb,unc-SOL,2026-09-06T17:20:47+00:00,2026-09-06T18:15:17+00:00,0.0991360836294477,0.09609439499540005,0.0010334565385652717,-0.0020082320954823707,-0.19280383491141428,turnover,balanced_tight,exit,Sustained downtrend dump (1h -6.3% <= -5.0% & PnL -3.19% <= -2.5%) — exit before the SL floor,0.6319,54.5,0,20
azimuth,BHHiJcBVVtA9Y84k7suuKZyHUX6S8SE7Z1YKuQJgNKF6,ARqHS4dXM989rYBjDKzx249yqBXQtdrUioemyoGEnAnk,biketyson-SOL,2026-09-06T16:38:15+00:00,2026-09-06T18:20:31+00:00,0.10999997699999998,0.10942875362864983,0.0006699140000000001,0.00009869062864983902,0.025463400222779597,pulse,sol_bidask,exit,RUG velocity dump (-22.4% in 5m <= -20%) — emergency exit before it goes to zero,0.4286,102.26666666666667,0,44
azimuth,5rQNEWLCcGLXfF6EdFu7N4RxKND3k4pzFJG5H75cMXU6,ptVzGfsAqXSqdmkQ2AmxSjbHxp4PL38oSajfSitRgwR,testicle-SOL,2026-09-06T17:29:04+00:00,2026-09-06T18:28:22+00:00,0.17999999,0.17999887284852528,0.0014859697397630544,0.0014848525882883434,0.20989719852285305,turnover,turnover_rebalance,exit,"Stale ticket re-pin (60m in range, peak +1.15% never armed the 1.2% ratchet, fee/TVL 20.3%)",1.1512,59.3,0,20
azimuth,CedsGzeqJRPeJW2KhyLY7jxgKBJYMKLDDAmsJAD6u2Ag,ptVzGfsAqXSqdmkQ2AmxSjbHxp4PL38oSajfSitRgwR,testicle-SOL,2026-09-06T18:28:57+00:00,2026-09-06T19:28:29+00:00,0.17999999000000003,0.17935782263451808,0.00022653620228326593,-0.00041563116319867643,-0.16349542171955278,turnover,turnover_rebalance,exit,Low yield (Fee/TVL 24h: 2.94% < 5.0% after 60.1m),0.189,59.53333333333333,0,20
azimuth,EaeiNb5G8GpCPfrb77HHTYQbxVibYj6QS2HmogKYLU6C,H4uj7z5LExamnP127jAQ5zsk2uqhLrqB3JttMMmZLdNx,KLED-SOL,2026-09-06T19:37:06+00:00,2026-09-06T19:38:36+00:00,0.25833432231070175,0.25952914557006407,0.00008060299999999999,0.0012754262593623333,0.15209997554246613,turnover,balanced_tight,exit,"Trailing Take-Profit hit (Peak: 1.91%, Current: 1.03% <= ratchet floor 1.31%)",1.9082,1.5,0,20
azimuth,C51mDJcbxwu4SKwEr9BNq2t48ejNTJWmEnPPmXAs3XNC,H4uj7z5LExamnP127jAQ5zsk2uqhLrqB3JttMMmZLdNx,KLED-SOL,2026-09-06T19:39:19+00:00,2026-09-06T20:04:57+00:00,0.259999991,0.25998924,0.000009468999999999992,-0.0000012819999999913456,-0.04907087214203543,turnover,turnover_rebalance,exit,Out of Range for 5.3m (limit 5m),0.0136,25.633333333333333,0,20
azimuth,BovbsvbcVyWVmPPjsm8MMyaiwBCYQiUSx6eEuLbjB9jd,8LZK8W9Pp6GrMKCoTALS3AZ6eAX62uKv8bHPY57iXZkL,OTC-SOL,2026-09-06T20:09:57+00:00,2026-09-06T20:14:11+00:00,0.12067161643274145,0.11510097965530633,0.0011213429950830784,-0.004449293782352037,-0.46286369412169215,turnover,spot,exit,"Downtrend dump, unconfirmed (PnL -6.15% <= -2.5%, no 1h confirmation) — exit before the SL floor",0.0,4.233333333333333,0,20
azimuth,8d3tutRSQSG21GLKUVSnvzWp2AQUU8ksG5b5vTdESNjj,H4uj7z5LExamnP127jAQ5zsk2uqhLrqB3JttMMmZLdNx,KLED-SOL,2026-09-06T20:05:38+00:00,2026-09-06T20:26:25+00:00,0.259999991,0.2599873793256779,0.00006302996129566585,0.00005041828697355255,0.07476699410899812,turnover,turnover_rebalance,exit,Out of Range for 5.0m (limit 5m),0.2862,20.783333333333335,0,20
azimuth,GWxi7NDNy9zP2xyqa3kCPXbGQdbgXKR5JKtvK61fAQNW,5QpDQ6ddkv1ArytJQ991kh8doeXPrt9hHFWK2HmEToDm,FRIES-SOL,2026-09-06T20:15:00+00:00,2026-09-06T20:43:47+00:00,0.09999997899999999,0.09558197473291567,0.0017535809999999997,-0.002664423267084312,-0.2574890193817616,turnover,sol_bidask,exit,"Fast-out dump exit, underwater (5m -7.6% <= -3.0% with PnL -2.39% <= -1.5%) — cutting before the downtrend level",0.7499,28.783333333333335,0,44
azimuth,9uST67aBBVCtnwvRY4RUqjMvpXxzQDUoTaBtp7s1Khqr,H4uj7z5LExamnP127jAQ5zsk2uqhLrqB3JttMMmZLdNx,KLED-SOL,2026-09-06T20:27:04+00:00,2026-09-06T20:54:48+00:00,0.259999991,0.259993369,0.000007579958025565404,0.0000009579580255714149,0.021641716811281242,turnover,turnover_rebalance,exit,Out of Range for 5.0m (limit 5m),0.151,27.733333333333334,0,20
azimuth,EV4PwbLe2JpqTyyXrciqqpesnxEJH5pfQzDXEzgAyTGJ,9aXA6qqqXueA6Eq9WPRgas4wQgjPCEspzutbaS3UZkXT,CLANKER-SOL,2026-09-06T22:29:12+00:00,2026-09-06T22:38:13+00:00,0.17668124799987853,0.17128006569060744,0.003897025,-0.001504157309271087,-0.06023068040199675,turnover,balanced_tight,exit,Sustained downtrend dump (1h -42.9% <= -5.0% & PnL -2.97% <= -2.5%) — exit before the SL floor,3.6893,9.016666666666667,0,20
azimuth,GKjSP2Khs1AZxziAzrKimyXrd2xcYqFDyxCj7djnhDxN,953MwRPrSjhY6FzjaiGLcEMTKbiXmdfrx6oCs2dx4oAy,FRIES-SOL,2026-09-06T22:50:21+00:00,2026-09-06T22:54:16+00:00,0.2674657027263608,0.27114419717367017,0.002913039,0.0065915334473093945,0.7275571768922937,turnover,balanced_tight,exit,"Trailing Take-Profit hit (Peak: 2.12%, Current: 1.45% <= ratchet floor 1.52%)",2.1193,3.9166666666666665,0,20
azimuth,CSpNFCTTLGL7BGUndkoAK17VPPzVuB6PTVeE6pfJu3Sa,EAf6shtt8QGJ7UiSRrDc6pzwXKEmb5s7tCCpSDe5zpzZ,BUTTHOLE-SOL,2026-09-06T22:02:44+00:00,2026-09-06T23:02:28+00:00,0.09949825199986555,0.09989199478202995,0.0010763410982325683,0.0014700838803969746,0.16091528787440446,turnover,balanced_tight,exit,"Trailing Take-Profit hit (Peak: 1.73%, Current: 0.97% <= ratchet floor 1.13%)",1.7294,59.733333333333334,0,20
azimuth,CZn2Ymyup4eEaWm9ewDJPbTS2FvZXd56Ux5HxuV72wxb,953MwRPrSjhY6FzjaiGLcEMTKbiXmdfrx6oCs2dx4oAy,FRIES-SOL,2026-09-06T22:54:57+00:00,2026-09-06T23:12:16+00:00,0.17999999000000003,0.1794752479890117,0.002377305,0.0018525629890116802,0.23876277975847415,turnover,turnover_rebalance,exit,"Fast-out dump exit (5m -3.6% <= -3.0% with PnL +1.27%, peak +1.27%) — realizing before floor gap-through",1.2749,17.316666666666666,0,20
azimuth,Hb2zW8sKYFVbuZ1dQxiYDfBuk4ebY7kNkcgJNwMoLVXe,953MwRPrSjhY6FzjaiGLcEMTKbiXmdfrx6oCs2dx4oAy,FRIES-SOL,2026-09-06T23:13:15+00:00,2026-09-06T23:19:21+00:00,0.17999999,0.1799982430398838,0.000008144999999999987,0.0000063980398837815144,0.04503582916710869,turnover,turnover_rebalance,exit,Out of Range for 5.1m (limit 5m),0.204,6.1,0,20
azimuth,EwRDJhG6do8MzW9khZMPdw74um8bVyxuHpcLeqQ4dy3Z,EAf6shtt8QGJ7UiSRrDc6pzwXKEmb5s7tCCpSDe5zpzZ,BUTTHOLE-SOL,2026-09-06T23:03:28+00:00,2026-09-06T23:25:17+00:00,0.09999999,0.09812318043508553,0.0035294796975313416,0.0016526701326168708,0.1913130963539018,turnover,turnover_rebalance,exit,"Fast-out dump exit (5m -6.5% <= -3.0% with PnL +2.66%, peak +2.66%) — realizing before floor gap-through",2.6551,21.816666666666666,0,20
azimuth,722D4Kjf63QPyfcNqXzCaRHp2gox2VNGy7XLhDE5dGJM,953MwRPrSjhY6FzjaiGLcEMTKbiXmdfrx6oCs2dx4oAy,FRIES-SOL,2026-09-06T23:20:20+00:00,2026-09-06T23:28:54+00:00,0.17999999000000003,0.17998684905759477,0.0009105319999999998,0.0008973910575947319,0.09685142614737074,turnover,turnover_rebalance,exit,Out of Range for 5.0m (limit 5m),0.176,8.566666666666666,0,20
azimuth,J87dA9VmemrTQ8UMdj3o7UsMLyfug2a2Jek5fS75x5S,EAf6shtt8QGJ7UiSRrDc6pzwXKEmb5s7tCCpSDe5zpzZ,BUTTHOLE-SOL,2026-09-06T23:26:07+00:00,2026-09-06T23:41:20+00:00,0.09999999,0.09959067897614315,0.0011637094829392279,0.0007543984590823866,0.10373319982046603,turnover,turnover_rebalance,exit,"Fast-out dump exit (5m -3.9% <= -3.0% with PnL +1.32%, peak +1.32%) — realizing before floor gap-through",1.3243,15.216666666666667,0,20
azimuth,HvViBUzkALEHs2wXdHkrrwGsq3kB8J8L6ktwUJc6EWMh,5QpDQ6ddkv1ArytJQ991kh8doeXPrt9hHFWK2HmEToDm,FRIES-SOL,2026-09-06T23:52:46+00:00,2026-09-06T23:55:18+00:00,0.17747437213170733,0.17172261550339427,0.0012766269999999998,-0.004475129628313063,-0.47114260790101525,turnover,spot,exit,"Trailing Take-Profit hit (Peak: 1.86%, Current: -0.40% <= ratchet floor 1.26%)",1.8564,2.533333333333333,0,20
azimuth,32p2wctpiScaj8UtMeSHT2Txc1dYg6hJGoMkRtJSeJoN,EAf6shtt8QGJ7UiSRrDc6pzwXKEmb5s7tCCpSDe5zpzZ,BUTTHOLE-SOL,2026-09-06T23:42:24+00:00,2026-09-07T00:09:37+00:00,0.09999999,0.09999891,0.00010532473072194345,0.00010424473072194462,-0.0006719291775674208,turnover,turnover_rebalance,exit,Out of Range for 5.4m (limit 5m),0.0591,27.216666666666665,0,20
azimuth,FpzXnQmQkEV3f2mzFKosP1boxwaKDmQxEECfrwNCKovt,3vnFSkGU2foSKWsbH5pEJ6HFstugb5YBELkRGgUdJAeA,NASDUCK-SOL,2026-09-07T01:17:40+00:00,2026-09-07T01:49:25+00:00,0.239999979,0.240001358,0.00144333756694273,0.0014447165669427275,0.03448143733652742,pulse,sol_bidask,exit,RUG velocity dump (-45.2% in 5m <= -20%) — emergency exit before it goes to zero,0.5484,31.75,0,44
azimuth,9PCgccphd63YSsx3Er1r3ZQxcJjh4RwgLivZVFEA9eYn,ptVzGfsAqXSqdmkQ2AmxSjbHxp4PL38oSajfSitRgwR,testicle-SOL,2026-09-07T02:21:23+00:00,2026-09-07T02:52:17+00:00,0.239999979,0.23999997322213204,0,-0.000000005777867961853644,0.21305785472419458,pulse,sol_bidask,exit,Low yield (Fee/TVL 24h: 0.00% < 5.0% after 30.3m),1.1859,30.9,0,44
azimuth,2byWiyt7ULsfEGMaM1JbUNDn2qov9JQYS4jLe2rpdxt8,5Vo1BAJ888m3Mn5dVxLNXtCkdmxVN6RDNDocMHM75yG,FROGE-SOL,2026-09-07T03:49:07+00:00,2026-09-07T04:20:34+00:00,0.239999979,0.23972873913126913,0.00019543583219333818,-0.00007580403653753565,0.004343178008024751,pulse,sol_bidask,exit,Low yield (Fee/TVL 24h: 3.90% < 5.0% after 30.4m),0.1076,31.45,0,44
azimuth,Amo3CSRe36Aa8MFMdXB51KKdkQeN7Vh38NrKzWBtcgX7,ARqHS4dXM989rYBjDKzx249yqBXQtdrUioemyoGEnAnk,biketyson-SOL,2026-09-07T05:27:31+00:00,2026-09-07T05:34:20+00:00,0.239999979,0.23999997799999997,0.000000000999999999994335,-0.000000000000000027755575615628914,-0.02959888994939419,turnover,sol_bidask,exit,Out of Range for 5.5m (limit 5m),0.0,6.816666666666666,0,44
azimuth,3MMn2aciLuyE14J1R2LkiyQB6Z6xjb8JA3xGNRGHvuKS,ARqHS4dXM989rYBjDKzx249yqBXQtdrUioemyoGEnAnk,biketyson-SOL,2026-09-07T05:34:49+00:00,2026-09-07T05:46:34+00:00,0.239999991,0.23999997699999998,0.00042744099999999987,0.00042742699999998024,0.01772730254410604,turnover,turnover_rebalance,exit,Out of Range for 5.3m (limit 5m),0.1046,11.75,0,20
azimuth,5yWTGfRK4g5pawjMXNasFfQodi27QFoDokGpPrn7roUw,ARqHS4dXM989rYBjDKzx249yqBXQtdrUioemyoGEnAnk,biketyson-SOL,2026-09-07T05:47:05+00:00,2026-09-07T06:16:04+00:00,0.23999999100000005,0.22873024798588024,0.005279614,-0.005990129014119827,-0.6532243568967218,turnover,turnover_rebalance,exit,"Downtrend dump, unconfirmed (PnL -5.36% <= -2.5%, no 1h confirmation) — exit before the SL floor",0.0,28.983333333333334,0,20
azimuth,FuFDoVsV8qeqrqt6R51vRo8311UHMnsBrc986BRmTNci,3vnFSkGU2foSKWsbH5pEJ6HFstugb5YBELkRGgUdJAeA,NASDUCK-SOL,2026-09-07T06:53:44+00:00,2026-09-07T06:55:36+00:00,0.3102115045096289,0.289275155037017,0.00196938384432064,-0.018966965628291255,-2.0037113873749455,turnover,balanced_tight,exit,"Downtrend dump, unconfirmed (PnL -7.81% <= -2.5%, no 1h confirmation) — exit before the SL floor",0.0,1.8666666666666667,0,20
azimuth,BUZZWtNM6dJ5p8ogeUnsYxcLbtDnLNyC5B3rvYWvZH22,CNU1FQNdm2RXUotU8sw7HttcN5WsXVfsn28c8NDEvEN7,67-SOL,2026-09-07T07:11:43+00:00,2026-09-07T07:42:39+00:00,0.229999974,0.229999717,0.00000018699999999999886,-0.00000006999999999091067,-0.28773492050796534,pulse,sol_bidask,exit,Low yield (Fee/TVL 24h: 0.00% < 5.0% after 30.2m),0.0877,30.933333333333334,0,53
azimuth,9BVGmQPiuC6g3CAXCggP6QDRsVUw9GRK46FZ5Kq5gFcf,BqSLHcJfEAFU2KvXSuAd7CTvKof29GoXfK4QdatMGYT,CatGPT-SOL,2026-09-07T09:21:51+00:00,2026-09-07T09:26:57+00:00,0.33696196026933756,0.3346243367469261,0.006870830072858923,0.004533206550447477,0.5136816437358291,turnover,balanced_tight,exit,"Trailing Take-Profit hit (Peak: 4.17%, Current: 0.38% <= ratchet floor 3.57%)",4.1696,5.1,1,20
azimuth,7oHgoxcpKfM3JXtTCL3m4kDhZAYzcMLUTZcJeSjd3afA,BqSLHcJfEAFU2KvXSuAd7CTvKof29GoXfK4QdatMGYT,CatGPT-SOL,2026-09-07T09:28:03+00:00,2026-09-07T09:38:35+00:00,0.21999998999999998,0.21583476847105135,0.0013704082240306632,-0.002794813304917959,-0.3485952274258004,turnover,turnover_rebalance,exit,"Fast-out dump exit, underwater (5m -10.8% <= -3.0% with PnL -2.46% <= -1.5%) — cutting before the downtrend level",0.0585,10.533333333333333,0,20
azimuth,8xu8Uee6KFy9u5DBJDTcGUpWEaWkSEAFQeA2DQHpXqrs,64BSmy7BESiHnWYzLdPso6FuXymh7H8jTkaiyfbBg1YD,MINI-SOL,2026-09-07T10:42:55+00:00,2026-09-07T10:56:08+00:00,0.18999997999999998,0.18999620300000003,0.000003361999999999996,-0.0000004149999999480958,0.0006842512974216675,pulse,sol_bidask,exit,RUG velocity dump (-27.2% in 5m <= -20%) — emergency exit before it goes to zero,0.1056,13.216666666666667,0,35
azimuth,CMiCmrTT7cJz8o6mJ4xUvroWQHLpnm34wKNe88FcbNF2,5Vo1BAJ888m3Mn5dVxLNXtCkdmxVN6RDNDocMHM75yG,FROGE-SOL,2026-09-07T10:58:16+00:00,2026-09-07T11:04:59+00:00,0.18779021999998752,0.14575449157260342,0.0020925495383161473,-0.039943178889067954,-4.1921169351402,turnover,balanced_tight,exit,EMERGENCY Stop-Loss (-14.53% <= -11.0% floor) — bypasses grace/holds,1.0376,6.716666666666667,0,20
azimuth,WF8qPUNnNrZXh3xBQVgDV8DEoa2xgU5nLEmNQLiG8Ze,FxPPZGPiTNYzgdMkNgAkA8QRZjNxurjBo7JgPt9z4T5X,MADE-SOL,2026-09-07T11:53:28+00:00,2026-09-07T12:24:12+00:00,0.09999997899999999,0.09998956757558604,0.000012951725736683485,0.0000025403013227398574,0.03819223564311436,pulse,sol_bidask,exit,Low yield (Fee/TVL 24h: 0.62% < 5.0% after 30.2m),0.4496,30.733333333333334,0,44
azimuth,H23fdb8GYjV5e7LtVXaMsQCETu9N1NLKSYjRaTA7k3sa,6xBKq4zHKwe4u19CZfm6cyqBoFojsc1yUNB8dZMHbqb,SOLCAT-SOL,2026-09-07T11:15:12+00:00,2026-09-07T12:28:50+00:00,0.16975344461380898,0.15443416094385115,0.003632643,-0.011686640669957837,-1.151306035842424,turnover,balanced_tight,exit,Out of Range for 5.2m (limit 5m),1.6059,73.63333333333334,0,20
azimuth,BEEaUkA3Qen8F9XfYfx25Zj6QwPkp2enqaxEAxXQEyKk,3vnFSkGU2foSKWsbH5pEJ6HFstugb5YBELkRGgUdJAeA,NASDUCK-SOL,2026-09-07T12:47:38+00:00,2026-09-07T13:00:30+00:00,0.15999997700000004,0.159999121,0.00007191275602808099,0.00007105675602803174,0.06922584737070636,turnover,sol_bidask,exit,Out of Range for 5.5m (limit 5m),0.4379,12.866666666666667,0,44
azimuth,H3uSh2aKTk6uTSVpPAhMYU3zND6dyCSVNwbsyHbFfNT7,64BSmy7BESiHnWYzLdPso6FuXymh7H8jTkaiyfbBg1YD,MINI-SOL,2026-09-07T12:58:51+00:00,2026-09-07T13:04:06+00:00,0.10008850388016785,0.0888228009825683,0.002210314931886664,-0.009055387965712883,-0.9709894942602215,turnover,balanced_tight,exit,"Downtrend dump, unconfirmed (PnL -9.92% <= -2.5%, no 1h confirmation) — exit before the SL floor",0.0,5.25,0,20
azimuth,vgNN9JD3zmHvWyz5tQeLtRpe8Pw2soXc945j56WBVkP,3vnFSkGU2foSKWsbH5pEJ6HFstugb5YBELkRGgUdJAeA,NASDUCK-SOL,2026-09-07T13:01:13+00:00,2026-09-07T13:11:34+00:00,0.15999999,0.159995003,0.000004465999999999993,-0.0000005210000000033244,0.0005149116076488269,turnover,turnover_rebalance,exit,Out of Range for 5.3m (limit 5m),0.0335,10.35,0,20
azimuth,J1zxvhUTv1py4JSjar8LUzpWTfSVSS9TRQnox4P3SrDZ,BqSLHcJfEAFU2KvXSuAd7CTvKof29GoXfK4QdatMGYT,CatGPT-SOL,2026-09-07T13:08:43+00:00,2026-09-07T13:13:02+00:00,0.10095553824441511,0.103728325,0.0026249759236474128,0.005397762679232296,0.5824491628833908,turnover,spot,exit,"Downtrend dump, unconfirmed (PnL -2.90% <= -2.5%, no 1h confirmation) — exit before the SL floor",0.5527,4.316666666666666,0,20
azimuth,9kLhg2ZVDaMVaJtqiY8Hq8pmFcrCWWU4xbPyTYNFaFNJ,3vnFSkGU2foSKWsbH5pEJ6HFstugb5YBELkRGgUdJAeA,NASDUCK-SOL,2026-09-07T13:12:08+00:00,2026-09-07T13:18:06+00:00,0.15999999,0.15998431500000002,0.000013816999999999997,-0.000001857999999993476,-0.01400847744103828,turnover,turnover_rebalance,exit,Out of Range for 5.2m (limit 5m),0.0817,5.966666666666667,0,20
azimuth,5fSuRbr34oidRGtGGgRV36vroEj4oGwXJ3ncKmS2nADP,R88hawBDy3CTiX7F7woKgMJAXbed7f5H38qR4FB2eav,world-SOL,2026-09-07T14:24:34+00:00,2026-09-07T14:55:12+00:00,0.15999997700000002,0.15999490200000002,0.000004421999999999995,-0.0000006529999999893565,0.037191498257787,pulse,sol_bidask,exit,Low yield (Fee/TVL 24h: 0.13% < 5.0% after 30.0m),0.1475,30.633333333333333,0,44
azimuth,fuznWPySzPLFMxUbmZT6cKgNNFER5oPDQX99wrVBP7V,ErwEeF8y8uLR7LkJcL3xRUuN1d8SrMLZJB92Ydq8vfdw,DOGE-1-SOL,2026-09-07T14:30:51+00:00,2026-09-07T15:01:54+00:00,0.09999997499999999,0.09999662435539405,0.000009243096987748122,0.000005892452381806024,0.04377197375747954,pulse,sol_bidask,exit,Low yield (Fee/TVL 24h: 0.43% < 5.0% after 30.4m),0.5453,31.05,0,53
azimuth,Dy9uUC2tNoRmCduu92tqUWsqoPHqxQCtoaXoC9upeSgk,6ntYkjkwdFLojVudeUcMMj6UQDw38GfHi2NfpChzFAix,HONTER-SOL,2026-09-07T16:02:55+00:00,2026-09-07T16:07:07+00:00,0.159999981,0.15227341538517483,0.011040545,0.003313979385174831,0.3182565177998917,pulse,sol_bidask,exit,Hard Stop-Loss hit (-8.53% <= -8.0%),0.0424,4.2,0,44
azimuth,Be7Yz77rC5tjerfLQewqcY82x2zpS4K3Yo3CV1AS2jW,GpDb6iSBYzqESg3D6dyDUWghCEMgLdZKNYZ4rLGVkQYL,NASDUCK-SOL,2026-09-07T16:24:30+00:00,2026-09-07T16:34:32+00:00,0.16999997799999997,0.16999372144298605,0.00020177955709850548,0.000195523000084602,0.029383466869163044,pulse,sol_bidask,exit,RUG velocity dump (-21.6% in 5m <= -20%) — emergency exit before it goes to zero,0.0939,10.033333333333333,0,44
azimuth,4sU7oRBmRuFUquVUMfugd2xGc6w2P4kDxTqajvF1K3zh,953MwRPrSjhY6FzjaiGLcEMTKbiXmdfrx6oCs2dx4oAy,FRIES-SOL,2026-09-07T16:34:05+00:00,2026-09-07T17:20:33+00:00,0.09935166899989134,0.08973451674740257,0.012219722,0.0026025697475112325,0.32674479085610564,turnover,balanced_tight,exit,Out of Range for 5.3m (limit 5m),11.0027,46.46666666666667,0,20
azimuth,6r6NB8FkZnZb2UmVZipNFijN19qsn1WLoKPH8FW9skxH,5QpDQ6ddkv1ArytJQ991kh8doeXPrt9hHFWK2HmEToDm,FRIES-SOL,2026-09-07T18:07:24+00:00,2026-09-07T18:37:33+00:00,0.119999981,0.11999806,0.000045953999999999994,0.00004403299999999888,-0.042036408006412174,turnover,sol_bidask,exit,Out of Range for 5.3m (limit 5m),0.0,30.15,0,44
azimuth,DCSycb9DQeGRhxgM8tpDRzwa358YEoRbnb4zDecVGSQW,5QpDQ6ddkv1ArytJQ991kh8doeXPrt9hHFWK2HmEToDm,FRIES-SOL,2026-09-07T18:38:07+00:00,2026-09-07T18:44:00+00:00,0.11999999000000003,0.11998447799999999,0.000013561999999999998,-0.0000019500000000421958,0.011310639971485514,turnover,turnover_rebalance,exit,Out of Range for 5.0m (limit 5m),0.1257,5.883333333333334,0,20
azimuth,Gvng9zTj5Xin7erhc1ixGaDYcDHC8rd8iYnbKNZ6JUZr,5QpDQ6ddkv1ArytJQ991kh8doeXPrt9hHFWK2HmEToDm,FRIES-SOL,2026-09-07T18:44:30+00:00,2026-09-07T18:56:42+00:00,0.11999998999999999,0.11998498699999999,0.000538651,0.0005236480000000016,0.06203547505357676,turnover,turnover_rebalance,exit,Out of Range for 5.3m (limit 5m),0.5866,12.2,0,20
azimuth,Gri63RwJ2tt7n2qdtnZLomNLdQyCzBLXiTufRXdErQA3,EgGACLzNtvTWfjWopkMbbcRsUPAaSCcgPjbNqUCcLUCJ,BURNIE-SOL,2026-09-07T18:09:12+00:00,2026-09-07T19:10:03+00:00,0.09999997899999999,0.09998867477455897,0.00003986936881915704,0.00002856514337813698,0.0039020492286301334,,spot,exit,Low yield (Fee/TVL 24h: 0.95% < 1.0% after 60.0m),0.1225,60.85,0,44
azimuth,8fQhhYcwY9iZ4xESXcEtRjpXTuGYczA4vbPDipVnnjHM,5QpDQ6ddkv1ArytJQ991kh8doeXPrt9hHFWK2HmEToDm,FRIES-SOL,2026-09-07T18:57:12+00:00,2026-09-07T20:09:16+00:00,0.119999994,0.11944715894996713,0.0048142,0.004261364949967136,0.4708660070520594,turnover,turnover_rebalance,exit,"Trailing Take-Profit hit (Peak: 3.93%, Current: 3.27% <= ratchet floor 3.33%)",3.9259,72.06666666666666,0,20
azimuth,Gga76FxPPhiBFr15YaRmjsGrrCdWvK8vovGNLNDZZ3Lh,63TL5RqBnTeLWK96sk9rUBEBWxmVFcWkDHGNP1vaYz3P,NASDUCK-SOL,2026-09-07T19:12:30+00:00,2026-09-07T20:28:21+00:00,0.09999064694830893,0.10348095299999999,0.031076693757254283,0.03456699980894533,3.6020363359860923,,spot,exit,Out of Range for 30.3m (limit 30m),37.866,75.85,0,20
azimuth,HjRtaUyof31UU41fxFKM2ofZk7YbTtf3UUookc7p2QuE,GpDb6iSBYzqESg3D6dyDUWghCEMgLdZKNYZ4rLGVkQYL,NASDUCK-SOL,2026-09-07T20:43:04+00:00,2026-09-07T20:44:29+00:00,0.18767765797605643,0.1891146126206994,0.0026956699514830264,0.004132624596125983,0.429964665533646,turnover,balanced_tight,exit,"Downtrend dump, unconfirmed (PnL -2.85% <= -2.5%, no 1h confirmation) — exit before the SL floor",0.0,1.4166666666666667,0,20
azimuth,A4Rgptc5KAaJLY4ZF56ydD9NzzmgrBWdkLwBs3vivaZs,DchDNJc71s11WaHzJRjzW4qG6qbYC8ySzbBMcFmnAThk,BULLSHIT-SOL,2026-09-07T21:14:22+00:00,2026-09-07T21:22:06+00:00,0.18841845704747098,0.18499804161185787,0.0001767236389797176,-0.003243691796633391,-0.3228021524036002,turnover,balanced_tight,exit,"Fast-out dump exit, underwater (5m -3.0% <= -3.0% with PnL -2.29% <= -1.5%) — cutting before the downtrend level",0.5031,7.733333333333333,0,20
azimuth,7i5EyGsQcjA94ZxM3x7D6Ac39ReSshbif1BenfDR3q47,ErwEeF8y8uLR7LkJcL3xRUuN1d8SrMLZJB92Ydq8vfdw,DOGE-1-SOL,2026-09-07T22:52:54+00:00,2026-09-07T22:59:41+00:00,0.09889704708033004,0.09888988264070644,0.0001292348294705109,0.00012207038984692054,0.01687045099111195,turnover,balanced_tight,exit,"Trailing Take-Profit hit (Peak: 1.37%, Current: -0.78% <= ratchet floor 0.77%)",1.366,6.783333333333333,0,20
azimuth,FSnmbvXKg87MdiCy8hWTFbYVoUPNpriE9KmPtZuQkyqY,FxPPZGPiTNYzgdMkNgAkA8QRZjNxurjBo7JgPt9z4T5X,MADE-SOL,2026-09-07T21:28:42+00:00,2026-09-07T23:21:38+00:00,0.18058986645576525,0.18054539736717035,0.004329125000059753,0.004284655911464846,0.3820529745894845,turnover,balanced_tight,exit,"Trailing Take-Profit hit (Peak: 4.01%, Current: 2.29% <= ratchet floor 3.41%)",4.0128,112.93333333333334,0,20
azimuth,DtwSXjSyg9d8B3skSzwJZAfACwCZwczH3JmqrBisSSZU,5Vo1BAJ888m3Mn5dVxLNXtCkdmxVN6RDNDocMHM75yG,FROGE-SOL,2026-09-07T23:20:15+00:00,2026-09-07T23:36:21+00:00,0.09898499399997651,0.09845302456773945,0.0007098805458469193,0.00017791111360986045,0.013658432251688168,turnover,balanced_tight,exit,"Trailing Take-Profit hit (Peak: 2.37%, Current: -0.71% <= ratchet floor 1.77%)",2.367,16.1,0,20
azimuth,7r83BaVDHvbUJgeX2g7PoVLza3wMzsNZh9mEi34tPKPp,6ntYkjkwdFLojVudeUcMMj6UQDw38GfHi2NfpChzFAix,HONTER-SOL,2026-09-07T23:49:14+00:00,2026-09-07T23:49:30+00:00,0.10142954572327868,0.1012572616908423,0.000131724,-0.000040560032436381954,-0.003659665563164438,,,,,,0.26666666666666666,,20
azimuth,9umaVjYwKFvuSGc2FZCCo3HNCk9arumW5jY3nStmrrtp,FxPPZGPiTNYzgdMkNgAkA8QRZjNxurjBo7JgPt9z4T5X,MADE-SOL,2026-09-07T23:22:37+00:00,2026-09-08T00:21:32+00:00,0.17999998999999997,0.17908281932120096,0.00046344869913522057,-0.0004537219796637848,-0.04049645038254823,turnover,turnover_rebalance,exit,"Stale ticket re-pin (60m in range, peak +0.30% never armed the 1.2% ratchet, fee/TVL 6.3%)",0.2971,58.916666666666664,0,20
azimuth,9Nabs2uy7Gsu8sT4kUEjfw9CvZ8GEske6KhTzkRqj3cW,3T6pPCvChxMWvGavkyNSFN7UyiMeUwV3NbHHTybPogFC,BUTTHOLE-SOL,2026-09-08T00:41:19+00:00,2026-09-08T01:11:29+00:00,0.17999997799999998,0.17999989899999996,0.0000017529709429457733,0.000001673970942944747,0.04251602109037833,pulse,sol_bidask,exit,Low yield (Fee/TVL 24h: 0.05% < 5.0% after 30.0m),0.1226,30.166666666666668,0,44
azimuth,9t26aagR8XxB2hQNq2sPWBVu78AGX39qZ9wR5jS2KQP7,63TL5RqBnTeLWK96sk9rUBEBWxmVFcWkDHGNP1vaYz3P,NASDUCK-SOL,2026-09-08T00:53:22+00:00,2026-09-08T01:59:42+00:00,0.09999998300000001,0.09999492699999998,0.0009667702875718317,0.0009617142875718021,0.1314272339437661,pulse,sol_bidask,exit,Out of Range for 30.0m (limit 30m),1.2841,66.33333333333333,0,35
azimuth,2xAJ1Ukyp6bvm2tnJab5ePCZmeDYnTZUPAub6y4v8KA9,EqsbD725iSoa23kWnQBjiYT9bcWSH8YJ6WCPYwXYoVNR,Pumpcat-SOL,2026-09-08T03:30:48+00:00,2026-09-08T03:33:23+00:00,0.1770671373292975,0.17793768207875846,0.00039099,0.001261534749460974,0.16358180490813012,turnover,balanced_tight,exit,"Trailing Take-Profit hit (Peak: 2.38%, Current: 0.91% <= ratchet floor 1.78%)",2.3848,2.5833333333333335,0,20
azimuth,AEwTdmKgQ4tb31ErNUZpHDdLJvWtYdwXKXPwN7KeUS8M,EqsbD725iSoa23kWnQBjiYT9bcWSH8YJ6WCPYwXYoVNR,Pumpcat-SOL,2026-09-08T03:34:07+00:00,2026-09-08T03:50:28+00:00,0.17999998999999997,0.179999632,0.0003856008899413392,0.0003852428899413507,0.04122374783529281,turnover,turnover_rebalance,exit,Out of Range for 5.3m (limit 5m),0.263,16.35,0,20
azimuth,EqTfNny9VymEtEu34pPV1TNyEbo9i7UuSc4x8JDrsify,EqsbD725iSoa23kWnQBjiYT9bcWSH8YJ6WCPYwXYoVNR,Pumpcat-SOL,2026-09-08T03:33:50+00:00,2026-09-08T03:51:00+00:00,0.149999978,0.149999911,0.00007171541236658356,0.0000716484123665928,0.01763341274711472,turnover,sol_bidask,exit,Out of Range for 5.3m (limit 5m),0.263,17.166666666666668,0,44
azimuth,8XwwL1vpKQja2Rjvk2U1ZUgd8xfBFV2Q9GATV4M7UTCZ,EqsbD725iSoa23kWnQBjiYT9bcWSH8YJ6WCPYwXYoVNR,Pumpcat-SOL,2026-09-08T03:51:29+00:00,2026-09-08T03:57:16+00:00,0.149999989,0.149999988,0,-0.0000000009999999994736442,-0.0030352852080586246,turnover,turnover_rebalance,exit,Out of Range for 5.3m (limit 5m),0.0251,5.783333333333333,0,20
azimuth,BagtvBNL4fZVtBWHBvngT1gWDpD7gt79SsccFKkuRFfp,EqsbD725iSoa23kWnQBjiYT9bcWSH8YJ6WCPYwXYoVNR,Pumpcat-SOL,2026-09-08T03:50:44+00:00,2026-09-08T03:57:40+00:00,0.17999998999999997,0.17998329100000002,0.000013020999999999993,-0.0000036779999999514423,-0.0060740209248990595,turnover,turnover_rebalance,exit,Out of Range for 5.3m (limit 5m),0.0251,6.933333333333334,0,20
azimuth,7spVoiR6o6gnJMRKrDwRRT4jHN9p1f7pLYrFqemyhYcC,63TL5RqBnTeLWK96sk9rUBEBWxmVFcWkDHGNP1vaYz3P,NASDUCK-SOL,2026-09-08T05:39:40+00:00,2026-09-08T05:48:06+00:00,0.18034528773073663,0.17495258907717232,0.0006747945305275216,-0.004717904123036798,-0.49898319646464984,turnover,balanced_tight,exit,Sustained downtrend dump (1h -7.2% <= -5.0% & PnL -2.96% <= -2.5%) — exit before the SL floor,0.4566,8.433333333333334,0,20
azimuth,EGabtsfuo4aJpAHEFjqjjYR5i1NDjqaCxn3pbPBgD4Gz,9aXA6qqqXueA6Eq9WPRgas4wQgjPCEspzutbaS3UZkXT,CLANKER-SOL,2026-09-08T06:03:55+00:00,2026-09-08T06:34:38+00:00,0.17999997799999998,0.1797178839166006,0.00018902,-0.00009307408339936929,-0.07658956883324564,pulse,sol_bidask,exit,Low yield (Fee/TVL 24h: 4.97% < 5.0% after 30.2m),0.143,30.716666666666665,0,44
azimuth,Ei1tcnbmjJqnGxtPZUmZL1RLPWnNTvmD76LZcHbhmG9f,6ntYkjkwdFLojVudeUcMMj6UQDw38GfHi2NfpChzFAix,HONTER-SOL,2026-09-08T06:14:29+00:00,2026-09-08T06:46:26+00:00,0.09999997899999997,0.09984335659231128,0.000110552,-0.00004607040768869752,-0.040588959224235666,pulse,sol_bidask,exit,Low yield (Fee/TVL 24h: 4.99% < 5.0% after 31.6m),0.0208,31.95,0,44
azimuth,5xGZB2ZKYvK3FmEmZBcz8cLjN52DezRjjVHTYukb299B,ErwEeF8y8uLR7LkJcL3xRUuN1d8SrMLZJB92Ydq8vfdw,DOGE-1-SOL,2026-09-08T07:20:21+00:00,2026-09-08T07:50:39+00:00,0.17999997399999998,0.17999769665069568,0.000011094025104949455,0.000008816675800660256,-0.02416049616843452,pulse,sol_bidask,exit,Low yield (Fee/TVL 24h: 0.29% < 5.0% after 30.1m),0.2802,30.3,0,53
azimuth,HCBLxRdrZ6e3CfyxEvNmFVSgDGte7F78yhAyXwN4RotG,R88hawBDy3CTiX7F7woKgMJAXbed7f5H38qR4FB2eav,world-SOL,2026-09-08T08:05:11+00:00,2026-09-08T08:35:37+00:00,0.179999978,0.17999997300000004,0.000000003999999999993127,-0.0000000009999999717180685,0.07964747316678,pulse,sol_bidask,exit,Low yield (Fee/TVL 24h: 0.00% < 5.0% after 30.1m),0.3251,30.433333333333334,0,44
azimuth,FEmzPbghN5sGfBbK546MwZX1YMK5vZkCJ9QqkSLFGXt5,5QpDQ6ddkv1ArytJQ991kh8doeXPrt9hHFWK2HmEToDm,FRIES-SOL,2026-09-08T09:01:03+00:00,2026-09-08T09:02:39+00:00,0.17894936369215084,0.17695750314011707,0.000655888,-0.0013359725520337706,-0.13337902278139424,turnover,balanced_tight,exit,"Downtrend dump, unconfirmed (PnL -2.58% <= -2.5%, no 1h confirmation) — exit before the SL floor",0.0,1.6,0,20
azimuth,BXMY78BQHw3FGPknwc12ma4aPZwEoJy1HGkPMDfKzNWj,GpDb6iSBYzqESg3D6dyDUWghCEMgLdZKNYZ4rLGVkQYL,NASDUCK-SOL,2026-09-08T10:37:09+00:00,2026-09-08T11:06:53+00:00,0.17802390616003086,0.18238898863105407,0.003824230065804904,0.008189312536828114,0.7812467238705416,turnover,balanced_tight,exit,"Fast-out dump exit (5m -4.2% <= -3.0% with PnL +3.97%, peak +4.15%) — realizing before floor gap-through",4.1518,29.733333333333334,0,20
azimuth,B6Y4WHHgwbex9tZhd4wFngnUqSnEiqMRscMYuMb8CLz9,GpDb6iSBYzqESg3D6dyDUWghCEMgLdZKNYZ4rLGVkQYL,NASDUCK-SOL,2026-09-08T11:07:38+00:00,2026-09-08T11:13:42+00:00,0.17999999000000003,0.179999983,0.000000005999999999997224,-0.0000000010000000272292198,-0.05732100215981362,turnover,turnover_rebalance,exit,Out of Range for 5.4m (limit 5m),0.0,6.066666666666666,0,20
azimuth,2d8VQR3MomvmSA21Qy9ZQPakZ4Dz7YC53QXKh3HKNAP1,9aXA6qqqXueA6Eq9WPRgas4wQgjPCEspzutbaS3UZkXT,CLANKER-SOL,2026-09-08T10:46:12+00:00,2026-09-08T11:26:51+00:00,0.09890565799987802,0.10155687,0.00210359,0.004754802000121974,0.44120727835323414,turnover,balanced_tight,exit,Out of Range for 5.3m (limit 5m),4.469,40.65,1,20
azimuth,EYuGh89gaAYgtDnFqm757PzUbD59ahqa2VTx9PBffw2v,GpDb6iSBYzqESg3D6dyDUWghCEMgLdZKNYZ4rLGVkQYL,NASDUCK-SOL,2026-09-08T11:14:27+00:00,2026-09-08T11:31:41+00:00,0.17999999000000003,0.179984018,0.0005049540041419033,0.0004889820041418802,0.11388173552398584,turnover,turnover_rebalance,exit,Out of Range for 5.3m (limit 5m),0.4873,17.233333333333334,0,20
azimuth,wKpwotTqjfVZJfF9HZy8LGGfFcHnxzLCV6Pdp4JfJSi,GpDb6iSBYzqESg3D6dyDUWghCEMgLdZKNYZ4rLGVkQYL,NASDUCK-SOL,2026-09-08T11:31:56+00:00,2026-09-08T11:44:09+00:00,0.17999999,0.17999995400000002,0.00038358381210385736,0.00038354781210386824,0.027181151791104696,turnover,turnover_rebalance,exit,Out of Range for 5.5m (limit 5m),0.2239,12.216666666666667,0,20
azimuth,3fAnyeEQKJDfjDanzBRkU2dwvMZibHM7tYGctsfhL5w6,9aXA6qqqXueA6Eq9WPRgas4wQgjPCEspzutbaS3UZkXT,CLANKER-SOL,2026-09-08T11:27:12+00:00,2026-09-08T13:27:37+00:00,0.09999999,0.09975877214134699,0.000989739,0.0007485211413469917,0.06734229207245868,turnover,turnover_rebalance,exit,"Stale ticket re-pin (120m in range, peak +0.99% never armed the 1.2% ratchet, fee/TVL 11.9%)",0.9927,120.41666666666667,0,20
azimuth,8aCLE49jE7DsB2ukRhxXVekZJF9rN7GtFZQr3qiLQt3U,EAf6shtt8QGJ7UiSRrDc6pzwXKEmb5s7tCCpSDe5zpzZ,BUTTHOLE-SOL,2026-09-08T12:59:20+00:00,2026-09-08T13:29:51+00:00,0.10999997399999999,0.10999973100000002,0.000001053577693483633,0.0000008105776935080078,-0.023680840358098365,pulse,sol_bidask,exit,Low yield (Fee/TVL 24h: 0.05% < 5.0% after 30.3m),0.0667,30.516666666666666,0,53
azimuth,HTsh6QiJ6kfoFuzFjPu5dsjC3qnp9zVyQovQaBozPxXb,9aXA6qqqXueA6Eq9WPRgas4wQgjPCEspzutbaS3UZkXT,CLANKER-SOL,2026-09-08T13:27:52+00:00,2026-09-08T13:45:30+00:00,0.09999998999999998,0.09457580130866268,0.008899824,0.0034756353086626973,0.290895787146388,turnover,turnover_rebalance,exit,"Trailing Take-Profit hit (Peak: 6.57%, Current: 2.27% <= ratchet floor 4.07%)",6.5687,17.633333333333333,0,20
azimuth,H4hzPM2LZphqWYBUzgZ3w4BhtgzYkUr1iit1Gi4C57KP,9aXA6qqqXueA6Eq9WPRgas4wQgjPCEspzutbaS3UZkXT,CLANKER-SOL,2026-09-08T13:46:22+00:00,2026-09-08T14:05:55+00:00,0.09999999,0.09976027779333951,0.0005043469999999999,0.0002646347933395188,0.10735879024253236,turnover,turnover_rebalance,exit,"Fast-out dump exit (5m -6.5% <= -3.0% with PnL +1.21%, peak +1.21%) — realizing before floor gap-through",1.2091,19.55,0,20
azimuth,4w8XqF3jNqsJrVByjGzWKj3tus4kxBf2MfLfwYWBMTxo,ErwEeF8y8uLR7LkJcL3xRUuN1d8SrMLZJB92Ydq8vfdw,DOGE-1-SOL,2026-09-08T13:36:59+00:00,2026-09-08T14:28:10+00:00,0.09999997500000002,0.09999917988410119,0.00014772426521426346,0.000146929149315439,0.05336354229801543,pulse,spot,exit,Low yield (Fee/TVL 24h: 4.19% < 5.0% after 50.1m),0.474,51.18333333333333,0,53
azimuth,AZjWqmEFWXy3ZvZfqW1nDw3miKLsHShPaiwCAuR2t1LE,BqSLHcJfEAFU2KvXSuAd7CTvKof29GoXfK4QdatMGYT,CatGPT-SOL,2026-09-08T14:27:56+00:00,2026-09-08T14:36:29+00:00,0.1100991872261327,0.1074590106594739,0.00029201643318562716,-0.002348160133473165,-0.22353221668405077,turnover,balanced_tight,exit,"Downtrend dump, unconfirmed (PnL -2.76% <= -2.5%, no 1h confirmation) — exit before the SL floor",0.2268,8.55,0,20
azimuth,7kPTPHBciSr74sEN5aLVHdpgfyZQpi9VHxzSy4XMfWq6,64BSmy7BESiHnWYzLdPso6FuXymh7H8jTkaiyfbBg1YD,MINI-SOL,2026-09-08T14:57:23+00:00,2026-09-08T15:18:28+00:00,0.17744907894100306,0.18357163,0.006255773000000001,0.012378324058996942,1.34530694068145,turnover,balanced_tight,exit,Out of Range for 5.3m (limit 5m),7.418,21.083333333333332,0,20
azimuth,27khVGKAitdpgc1LVW9DA2Z6W4uRL22uToPRSs97BjDw,64BSmy7BESiHnWYzLdPso6FuXymh7H8jTkaiyfbBg1YD,MINI-SOL,2026-09-08T15:19:10+00:00,2026-09-08T15:26:14+00:00,0.18,0.17994613599999998,0.00004696,-0.00000690400000000202,-0.017287827426926583,turnover,turnover_rebalance,exit,Out of Range for 5.1m (limit 5m),0.0,7.066666666666666,0,20
azimuth,2euWpfNC4zBmJwzHJ8XYRSGsxCmcuSB7V3vzTK3AgTR9,3T6pPCvChxMWvGavkyNSFN7UyiMeUwV3NbHHTybPogFC,BUTTHOLE-SOL,2026-09-08T15:00:32+00:00,2026-09-08T15:31:21+00:00,0.09999997899999999,0.09999794805478261,0,-0.0000020309452173766784,0.02101521972314835,pulse,sol_bidask,exit,Low yield (Fee/TVL 24h: 0.00% < 5.0% after 30.4m),0.3208,30.816666666666666,0,44
azimuth,4NuUs3MNz1D7eEsBrarBu2s5cgsizgZEXsdAhEgQkcQE,5pjRzUQan6bYynQERLK499fq48LiD5ryZrf9adZX1HQo,Jimothy-SOL,2026-09-08T16:08:50+00:00,2026-09-08T16:15:21+00:00,0.099999979,0.09999993299999999,0.0000000009999999999940996,-0.00000004500000001794735,-0.03784026305380017,turnover,sol_bidask,exit,Out of Range for 5.2m (limit 5m),0.0092,6.516666666666667,0,44
azimuth,xeyoUaSBP3kzX3nxE7rBP5KjkcJTWeBn79dT3STsy6Z,5pjRzUQan6bYynQERLK499fq48LiD5ryZrf9adZX1HQo,Jimothy-SOL,2026-09-08T16:15:52+00:00,2026-09-08T16:50:58+00:00,0.09999998999999998,0.09999117399999999,0.000008821499083260409,0.000000005499083272075822,0.06945236765647778,turnover,turnover_rebalance,exit,Out of Range for 5.2m (limit 5m),1.0601,35.1,0,20
azimuth,BHCC36QssbnunsJ4fWt7tiP8GzHjk6aFAKk9kk4Mije5,64BSmy7BESiHnWYzLdPso6FuXymh7H8jTkaiyfbBg1YD,MINI-SOL,2026-09-08T15:26:48+00:00,2026-09-08T16:55:29+00:00,0.17999999000000003,0.1792095806103368,0.011151085110814763,0.010360675721151513,1.2246174163262182,turnover,turnover_rebalance,exit,"Fast-out dump exit (5m -11.8% <= -3.0% with PnL +5.98%, peak +7.14%) — realizing before floor gap-through",7.1404,88.68333333333334,0,20
azimuth,5qmBrK8qKAQT31kzZbsv871X8xjCj7AVxKaUJFB97DMz,64BSmy7BESiHnWYzLdPso6FuXymh7H8jTkaiyfbBg1YD,MINI-SOL,2026-09-08T16:55:46+00:00,2026-09-08T17:17:55+00:00,0.17999999000000003,0.15408926628211694,0.010757094950462644,-0.015153628767420435,-1.6193087235363812,turnover,turnover_rebalance,exit,Sustained downtrend dump (1h -15.0% <= -5.0% & PnL -5.52% <= -2.5%) — exit before the SL floor,0.5932,22.15,0,20
azimuth,CfghDrS5UcqjqjSSCwZK8dSr55KGuV2657jjibaVpkdR,5pjRzUQan6bYynQERLK499fq48LiD5ryZrf9adZX1HQo,Jimothy-SOL,2026-09-08T16:51:12+00:00,2026-09-08T17:51:03+00:00,0.09999999,0.099986935214478,0.000015978082588211428,0.0000029232970662207425,-0.04616388656289949,turnover,turnover_rebalance,exit,Low yield (Fee/TVL 24h: 0.38% < 5.0% after 60.1m),0.0,59.85,0,20
azimuth,GSpQCuikf9iNfYvWpekoSzQnLtx8EvmEQ2EH2nyHJMw4,ALmG6Utch8cRejvmYEe5i6GTw2MAoW3uAv3Gnkv17cQV,CRIMECAT-SOL,2026-09-08T17:59:40+00:00,2026-09-08T18:05:19+00:00,0.109999977,0.10845655180921197,0.001694396,0.00015097080921197548,0.028029834434533996,turnover,sol_bidask,exit,RUG velocity dump (-29.7% in 5m <= -20%) — emergency exit before it goes to zero,0.5785,5.65,0,44
azimuth,3fhtagY24dG5EkVkNLSqmmSWY6G37mMDrsBHwZBxy1Vr,9aXA6qqqXueA6Eq9WPRgas4wQgjPCEspzutbaS3UZkXT,CLANKER-SOL,2026-09-08T18:09:14+00:00,2026-09-08T18:09:25+00:00,0.11125630496553034,0.11120733274566703,0.00000013599999999999148,-0.000048836219863304664,-0.005985493522782548,,,,,,0.18333333333333332,,20
azimuth,27abyF4t3x5q5SbNfKBtkFMSiNp6YmY5hcvQeehhpk8L,FxPPZGPiTNYzgdMkNgAkA8QRZjNxurjBo7JgPt9z4T5X,MADE-SOL,2026-09-08T17:32:31+00:00,2026-09-08T18:53:21+00:00,0.10853293313562556,0.09403882987436309,0.002126327813815404,-0.012367775447447077,-1.3187351030188452,turnover,balanced_tight,exit,Hard Stop-Loss hit (-9.14% <= -8.0%),3.989,80.83333333333333,0,20
azimuth,DBE2yZpUij1VasGdUJCSfvhnpELKJAUgZkxyKzJqMGp7,953MwRPrSjhY6FzjaiGLcEMTKbiXmdfrx6oCs2dx4oAy,FRIES-SOL,2026-09-08T19:12:56+00:00,2026-09-08T19:17:48+00:00,0.0989535398397819,0.09933747027717574,0.0003739649999999999,0.0007578954373938379,0.06465030055389498,turnover,balanced_tight,exit,"Trailing Take-Profit hit (Peak: 1.80%, Current: -0.25% <= ratchet floor 1.20%)",1.795,4.866666666666666,0,20
azimuth,GyFH8ffQSTMBVFDg5gLzqAftEXTGR1Z3r9Y6xkuh8TV1,3vnFSkGU2foSKWsbH5pEJ6HFstugb5YBELkRGgUdJAeA,NASDUCK-SOL,2026-09-08T19:11:16+00:00,2026-09-08T19:45:00+00:00,0.16999997799999997,0.16600245423524548,0.0024925861671726054,-0.0015049375975818846,-0.20015112878036234,pulse,sol_bidask,exit,"Fast-out dump exit, underwater (5m -9.3% <= -3.0% with PnL -1.83% <= -1.5%) — cutting before the downtrend level",0.8715,33.733333333333334,0,44
azimuth,7zqNe9iAFuQo2kXUxghARpUVxdabZGqov2EjSPRD9RD3,ALmG6Utch8cRejvmYEe5i6GTw2MAoW3uAv3Gnkv17cQV,CRIMECAT-SOL,2026-09-08T20:08:09+00:00,2026-09-08T20:08:31+00:00,0.10077704731268543,0.09523140340096119,0.001172792,-0.004372851911724235,-0.45502739690818395,turnover,balanced_tight,exit,"Downtrend dump, unconfirmed (PnL -6.26% <= -2.5%, no 1h confirmation) — exit before the SL floor",0.0,0.36666666666666664,0,20
azimuth,5canx7wYQHcywYMPaHoY9WQJS1p9ie6opnvcP3F1ystQ,2RX1ZogEMsjv1YjMF3m5U1DN7gVCtSLaQHs27F17ECve,WOJAK-SOL,2026-09-08T19:53:35+00:00,2026-09-08T20:51:10+00:00,0.16999997400000003,0.170000162,0.0003350896491547338,0.0003352776491547249,0.08146587581749998,pulse,sol_bidask,exit,Low yield (Fee/TVL 24h: 4.99% < 5.0% after 57.3m),0.9007,57.583333333333336,0,53
azimuth,2zLKGLrfQjeH2iqUXZ6ZdpNqS99VjEgrAnX9LMGtTvzC,CnK82s8exdsK9nwqQ55kd9wcxoA22NwTchZJCBdu8LDa,three-SOL,2026-09-08T21:03:26+00:00,2026-09-08T21:34:01+00:00,0.16999997399999997,0.16999992300000002,0.00000788390996087517,0.000007832909960925338,-0.04012380167919716,pulse,sol_bidask,exit,Low yield (Fee/TVL 24h: 0.22% < 5.0% after 30.3m),0.0476,30.583333333333332,0,53
azimuth,9r77xeS2ZVsNjSnWy62qRGTiRx3Jveqyddc8brHGNjMU,ALmG6Utch8cRejvmYEe5i6GTw2MAoW3uAv3Gnkv17cQV,CRIMECAT-SOL,2026-09-08T22:09:42+00:00,2026-09-08T22:21:34+00:00,0.16999997799999997,0.1679320446786627,0.004438272,0.0023703386786627367,0.2510337404656866,pulse,sol_bidask,exit,RUG velocity dump (-25.1% in 5m <= -20%) — emergency exit before it goes to zero,1.6918,11.866666666666667,0,44
azimuth,3LjmW2qXZ92rJ9QA2MoNkBwn44p2rUe5ZHTAeS14U1aS,63TL5RqBnTeLWK96sk9rUBEBWxmVFcWkDHGNP1vaYz3P,NASDUCK-SOL,2026-09-08T22:38:41+00:00,2026-09-08T22:46:30+00:00,0.1698536738042973,0.16009865181177532,0.000702658724987998,-0.009052363267533975,-0.9215148313294854,turnover,balanced_tight,exit,"Downtrend dump, unconfirmed (PnL -4.82% <= -2.5%, no 1h confirmation) — exit before the SL floor",0.0,7.816666666666666,0,20
azimuth,D3VDCVZAQ5BEPKoLw56ar9GFWW1KsQGNizVSduiWKduu,ErwEeF8y8uLR7LkJcL3xRUuN1d8SrMLZJB92Ydq8vfdw,DOGE-1-SOL,2026-09-08T23:04:12+00:00,2026-09-08T23:16:56+00:00,0.1687600871560987,0.16931374285793838,0.0002962426987525512,0.0008498984005922416,0.0743004186813252,turnover,balanced_tight,exit,"Trailing Take-Profit hit (Peak: 1.24%, Current: 0.09% <= ratchet floor 0.64%)",1.2376,12.733333333333333,0,24
azimuth,AirCRkBvoQAHSguDWUGtfSnuPXTP3jF6V7SgG43hTyw3,ErwEeF8y8uLR7LkJcL3xRUuN1d8SrMLZJB92Ydq8vfdw,DOGE-1-SOL,2026-09-08T23:17:20+00:00,2026-09-08T23:31:48+00:00,0.16999998900000002,0.16999834,0.0000014779999999999935,-0.00000017100000002101545,0.0003070640631008814,turnover,turnover_rebalance,exit,Out of Range for 5.3m (limit 5m),0.0462,14.466666666666667,0,20
azimuth,AEVwYA1kXRPzy9DEmGWxGeRbirkvTPu6VRYiWKT3GF83,EAf6shtt8QGJ7UiSRrDc6pzwXKEmb5s7tCCpSDe5zpzZ,BUTTHOLE-SOL,2026-09-08T23:19:27+00:00,2026-09-08T23:50:06+00:00,0.09999997499999999,0.09999464447516146,0.000006059523312106996,0.0000007289984735731059,0.0010202014369333767,pulse,sol_bidask,exit,Low yield (Fee/TVL 24h: 0.29% < 5.0% after 30.5m),0.0909,30.65,0,53
azimuth,AUCKNPQKabForSGi4KDDjTSvJ1rFZBQmrniTzSSJkTCp,ErwEeF8y8uLR7LkJcL3xRUuN1d8SrMLZJB92Ydq8vfdw,DOGE-1-SOL,2026-09-08T23:32:02+00:00,2026-09-08T23:53:57+00:00,0.16999998900000002,0.16999207300000002,0.00000869099238470169,0.0000007749923847111262,-0.011629593468551747,turnover,turnover_rebalance,exit,Out of Range for 5.2m (limit 5m),0.0,21.916666666666668,0,20
azimuth,6yzUrAcbEeqTMPQLboc4oL7rHGAWwyXYB3sAT9eQLqMS,3T6pPCvChxMWvGavkyNSFN7UyiMeUwV3NbHHTybPogFC,BUTTHOLE-SOL,2026-09-09T03:09:04+00:00,2026-09-09T04:26:51+00:00,0.169877168871117,0.16988521530221568,0.0012426952011760492,0.0012507416322747045,0.2348707823880929,turnover,balanced_tight,exit,"Trailing Take-Profit hit (Peak: 2.63%, Current: 0.10% <= ratchet floor 2.03%)",2.629,77.78333333333333,0,20
azimuth,FibdoMuyYE7bETtbLdEwUkpH2THXab3mS4bEYVqGdeVZ,CnK82s8exdsK9nwqQ55kd9wcxoA22NwTchZJCBdu8LDa,three-SOL,2026-09-09T04:59:50+00:00,2026-09-09T05:30:23+00:00,0.169999974,0.16998084363083846,0.000009810923923745722,-0.000009319445237798707,-0.0005715854928034503,pulse,sol_bidask,exit,Low yield (Fee/TVL 24h: 0.27% < 5.0% after 30.3m),0.1556,30.55,0,53
azimuth,EoT4qcHVPzXsLZpW6wvF5azT69Ffu5d2LRDWzM43DToz,5LjukK9FDhTo51wp2zkKdAgSk7yg4khr1v9d3HwKFsQJ,PURPS-SOL,2026-09-09T06:24:25+00:00,2026-09-09T06:30:23+00:00,0.16999997800000002,0.17001170030967297,0.0035775200000000003,0.0035892423096729464,0.37111698737631826,turnover,sol_bidask,exit,"Fast-out dump exit (5m -14.1% <= -3.0% with PnL +2.02%, peak +2.03%) — realizing before floor gap-through",2.0313,5.966666666666667,0,44
azimuth,EmsaaAoKybuX2XTZukGEexHMWsFr9hTFJno26Xyq6caQ,5LjukK9FDhTo51wp2zkKdAgSk7yg4khr1v9d3HwKFsQJ,PURPS-SOL,2026-09-09T06:30:47+00:00,2026-09-09T06:45:46+00:00,0.16999998900000002,0.16860359959755664,0.003560586,0.0021641965975566224,0.19854023243892982,turnover,turnover_rebalance,exit,"Trailing Take-Profit hit (Peak: 2.42%, Current: 1.22% <= ratchet floor 1.82%)",2.4236,14.983333333333333,0,20
azimuth,87fyzptVTWDDMdry8HUURopnSupxeuktQDHnKeK1XJz8,5LjukK9FDhTo51wp2zkKdAgSk7yg4khr1v9d3HwKFsQJ,PURPS-SOL,2026-09-09T06:46:07+00:00,2026-09-09T06:52:54+00:00,0.16999998900000002,0.16677009260192424,0.004090722,0.0008608256019242144,0.0904005711873559,turnover,turnover_rebalance,exit,RUG velocity dump (-22.1% in 5m <= -20%) — emergency exit before it goes to zero,0.8609,6.783333333333333,0,20
azimuth,3iGeC6rcEWJd5mWtjgfvq9NTPPUD4R5eX8RWbLxejWZP,EAf6shtt8QGJ7UiSRrDc6pzwXKEmb5s7tCCpSDe5zpzZ,BUTTHOLE-SOL,2026-09-09T07:37:11+00:00,2026-09-09T08:11:25+00:00,0.16999997500000003,0.16999970400000003,0.00020416293263765957,0.00020389193263767313,0.041256900763844584,pulse,sol_bidask,exit,Low yield (Fee/TVL 24h: 4.97% < 5.0% after 33.9m),0.2736,34.233333333333334,0,53
azimuth,7FuYbUXJgbLsXKKfP4fncbBXDm23Uvkt5peUsswLS9Ja,9aXA6qqqXueA6Eq9WPRgas4wQgjPCEspzutbaS3UZkXT,CLANKER-SOL,2026-09-09T08:17:59+00:00,2026-09-09T08:25:03+00:00,0.16817700775969796,0.16811047594131484,0.000371171,0.00030463918161688364,0.029619739525344357,turnover,balanced_tight,exit,"Trailing Take-Profit hit (Peak: 1.98%, Current: -1.03% <= ratchet floor 1.38%)",1.9836,7.066666666666666,0,20
azimuth,Ew3ZSF8JiWLSYCcTeU2SbMbnNcFNbuS39mYF82H87y3G,5LjukK9FDhTo51wp2zkKdAgSk7yg4khr1v9d3HwKFsQJ,PURPS-SOL,2026-09-09T09:00:31+00:00,2026-09-09T09:07:16+00:00,0.1694585259528853,0.173667038,0.006177092999999999,0.010385605047114693,1.072664011110252,turnover,balanced_tight,exit,Out of Range for 5.0m (limit 5m),6.1328,6.75,0,20
azimuth,9f6ZwnQ3upLXHL7gQ5n8Gibq3kKSiDbhoaFbmmY415Se,5LjukK9FDhTo51wp2zkKdAgSk7yg4khr1v9d3HwKFsQJ,PURPS-SOL,2026-09-09T09:07:46+00:00,2026-09-09T10:18:57+00:00,0.169999989,0.15616047065485983,0.020274456000000003,0.006434937654859835,0.5136121441101231,turnover,turnover_rebalance,exit,Out of Range for 5.2m (limit 5m),8.475,71.18333333333334,0,20
azimuth,Bto8n7GVcf1Gpx7ovCE1uwDwDGcyoyPfPLiRK2piVcYV,R88hawBDy3CTiX7F7woKgMJAXbed7f5H38qR4FB2eav,world-SOL,2026-09-09T10:39:48+00:00,2026-09-09T11:00:32+00:00,0.1694133299974942,0.16529418449309605,0.0014935863731864458,-0.0026255591312117077,-0.3134971615392317,turnover,balanced_tight,exit,Sustained downtrend dump (1h -6.2% <= -5.0% & PnL -2.89% <= -2.5%) — exit before the SL floor,1.0386,20.733333333333334,0,20
azimuth,CcHEiAF68BZaEs7n1jBMDBbbtFGx2VgUX83jm5jkHvaa,ALmG6Utch8cRejvmYEe5i6GTw2MAoW3uAv3Gnkv17cQV,CRIMECAT-SOL,2026-09-09T10:58:00+00:00,2026-09-09T11:41:40+00:00,0.099999979,0.09369819187102532,0.0029088269999999997,-0.0033929601289746786,-0.34499286815328034,pulse,sol_bidask,exit,Sustained downtrend dump (1h -14.3% <= -5.0% & PnL -3.71% <= -2.5%) — exit before the SL floor,0.7457,43.666666666666664,0,44
azimuth,5kEP95YRZND6VXmYamcqfExCWFg6hCZbeKWEFtK5RjnN,EgGACLzNtvTWfjWopkMbbcRsUPAaSCcgPjbNqUCcLUCJ,BURNIE-SOL,2026-09-09T11:36:09+00:00,2026-09-09T12:06:23+00:00,0.099999979,0.09998100210115278,0.000027722082676096536,0.000008745183828873238,0.04641582747060369,pulse,sol_bidask,exit,Low yield (Fee/TVL 24h: 1.33% < 5.0% after 30.1m),0.5258,30.233333333333334,0,44
azimuth,5ewaQ7pj9f59RojR9N3AGpz6ptbWmHgmjn9LFYHESnGy,6ntYkjkwdFLojVudeUcMMj6UQDw38GfHi2NfpChzFAix,HONTER-SOL,2026-09-09T12:39:54+00:00,2026-09-09T12:48:15+00:00,0.159999977,0.15857819909449117,0.0037894250000000003,0.002367647094491193,0.2574151813434753,pulse,sol_bidask,exit,"Thin pool liquidity ($6,697 < $7,000 floor) — exit before it strands",1.7411,8.35,0,44
azimuth,26uEkfo7rFLeonh4kyhNEQ4tbGUMpK2TDnfSLqfYCAF2,EAf6shtt8QGJ7UiSRrDc6pzwXKEmb5s7tCCpSDe5zpzZ,BUTTHOLE-SOL,2026-09-09T12:55:14+00:00,2026-09-09T13:25:51+00:00,0.159999973,0.15999931399999998,0.0000031214382819198987,0.000002462438281919388,-0.03624717840189717,pulse,sol_bidask,exit,Low yield (Fee/TVL 24h: 0.09% < 5.0% after 30.2m),0.115,30.616666666666667,0,53
azimuth,7B5Tg3i4w94XgQxsabCbrk7ZDBnMpaTYbNigT9VyQUAW,6NLvUzfYH4TC98mYcKRnYjWsH6879tJwxEy2vopzLfzu,PAYAI-SOL,2026-09-09T15:28:17+00:00,2026-09-09T15:58:28+00:00,0.09999997899999999,0.09998871895571274,0.00003421838335192111,0.00002295833906466871,0.06040417752866922,pulse,sol_bidask,exit,Low yield (Fee/TVL 24h: 1.64% < 5.0% after 30.0m),0.7378,30.183333333333334,0,44
azimuth,AiwRWPnAmC7cN9zomkBeb19rmPW2tjx2oD5PBB6ra8Mf,3T6pPCvChxMWvGavkyNSFN7UyiMeUwV3NbHHTybPogFC,BUTTHOLE-SOL,2026-09-09T16:04:58+00:00,2026-09-09T16:22:40+00:00,0.099999979,0.09999780200000001,0.000002194199891226774,0.000000017199891233499187,-0.04762860289792492,turnover,sol_bidask,exit,Out of Range for 5.2m (limit 5m),0.0417,17.7,0,44
azimuth,7c367T9WJg2byMBhWSrp3Qjhghd7p9nD4XtYZiXP3rid,3T6pPCvChxMWvGavkyNSFN7UyiMeUwV3NbHHTybPogFC,BUTTHOLE-SOL,2026-09-09T16:22:57+00:00,2026-09-09T17:22:16+00:00,0.09999999000000001,0.09004498052569228,0.0026938313988356987,-0.007261178075472038,-0.6769759305813192,turnover,turnover_rebalance,exit,Hard Stop-Loss hit (-8.76% <= -8.0%),1.5316,59.31666666666667,0,20
azimuth,F18sGz9BuZwHeC2DnFfGoeSZjLyh965mTiqu585a6Khh,68C62WPYiiNZxprbuaMj2ULXpiTDKcs5xsX7kBGnyajR,MANLET-SOL,2026-09-09T13:01:35+00:00,2026-09-09T20:49:28+00:00,0.09999997499999998,0.09725176699463449,0.002548818994280762,-0.00019938901108472462,-0.25552433954638865,pulse,sol_bidask,exit,Sustained downtrend dump (1h -6.4% <= -5.0% & PnL -2.66% <= -2.5%) — exit before the SL floor,0.0,467.8833333333333,0,53
azimuth,HzNYeWkqCtcVu2Cpt1cWpxjoifBNz8iVVcev3dRmKyaC,ErwEeF8y8uLR7LkJcL3xRUuN1d8SrMLZJB92Ydq8vfdw,DOGE-1-SOL,2026-09-09T20:35:58+00:00,2026-09-09T21:06:35+00:00,0.099999973,0.09999862322029458,0.000019945347819000733,0.000018595568113580208,-0.006063133861452741,pulse,sol_bidask,exit,Low yield (Fee/TVL 24h: 0.77% < 5.0% after 30.4m),0.0065,30.616666666666667,0,53
azimuth,7XLhiRozKcBN2DQ7GKGDvLUgLCNHv2rwCShpR5oJKgjZ,3vnFSkGU2foSKWsbH5pEJ6HFstugb5YBELkRGgUdJAeA,NASDUCK-SOL,2026-09-09T22:50:02+00:00,2026-09-09T22:52:07+00:00,0.15081047863720726,0.15450318557509718,0.003986708241510982,0.007679415179400906,0.7782728862759178,turnover,balanced_tight,exit,"Fast-out dump exit (5m -6.5% <= -3.0% with PnL +5.03%, peak +5.03%) — realizing before floor gap-through",5.0329,2.0833333333333335,0,20
azimuth,CdKEfjHfGkN38CePtgJgGNrTc6qfA1i4M4d6cg44T5WD,953MwRPrSjhY6FzjaiGLcEMTKbiXmdfrx6oCs2dx4oAy,FRIES-SOL,2026-09-09T22:57:34+00:00,2026-09-09T22:59:55+00:00,0.09885324906036695,0.0995954198948586,0.0005857109999999999,0.0013278818344916454,0.13502908653338785,turnover,balanced_tight,exit,"Trailing Take-Profit hit (Peak: 2.16%, Current: 1.07% <= ratchet floor 1.56%)",2.1597,2.35,0,20
azimuth,D4rAVAT6CCoBFZ3CbNbmcDEvo9dboLbQg9vARcMK2KgS,953MwRPrSjhY6FzjaiGLcEMTKbiXmdfrx6oCs2dx4oAy,FRIES-SOL,2026-09-09T23:00:16+00:00,2026-09-09T23:06:27+00:00,0.09999999,0.09999812999999999,0.000001646999999999999,-0.0000002130000000127863,0.0586364440253071,turnover,turnover_rebalance,exit,Out of Range for 5.2m (limit 5m),0.5873,6.183333333333334,0,20
azimuth,E5zEZhzgUbHDGpgn6H6FPQwHrXUKYjNsyAep4W1ZEq1R,3vnFSkGU2foSKWsbH5pEJ6HFstugb5YBELkRGgUdJAeA,NASDUCK-SOL,2026-09-09T22:53:07+00:00,2026-09-09T23:13:17+00:00,0.15999999,0.15940249801527753,0.0012685568977871336,0.0006710649130646507,0.11931855209319764,turnover,turnover_rebalance,exit,"Fast-out dump exit (5m -4.5% <= -3.0% with PnL +1.34%, peak +1.34%) — realizing before floor gap-through",1.3397,20.166666666666668,0,20
azimuth,7nmhbE2bxfCzVefS7NxAiJHZmAqR1wckAyMpVVykMhgp,953MwRPrSjhY6FzjaiGLcEMTKbiXmdfrx6oCs2dx4oAy,FRIES-SOL,2026-09-09T23:06:46+00:00,2026-09-09T23:23:29+00:00,0.09999998999999998,0.09847812904522202,0.004107573999999999,0.002585713045222038,0.27052635512491463,turnover,turnover_rebalance,exit,"Fast-out dump exit (5m -12.1% <= -3.0% with PnL +2.42%, peak +2.42%) — realizing before floor gap-through",2.4198,16.716666666666665,0,20
azimuth,vgSkdvJBs34Ctm9HGm7uuPDSa4qduyK8W8cPyRCSymt,3vnFSkGU2foSKWsbH5pEJ6HFstugb5YBELkRGgUdJAeA,NASDUCK-SOL,2026-09-09T23:14:02+00:00,2026-09-09T23:34:05+00:00,0.15999999,0.15852439977667043,0.003118005376010296,0.0016424151526807096,0.19208220573582224,turnover,turnover_rebalance,exit,"Fast-out dump exit (5m -4.1% <= -3.0% with PnL +1.83%, peak +1.90%) — realizing before floor gap-through",1.8977,20.05,0,20
azimuth,DNjQkH4RGdnHky2odLjqCELATKr9ojRTCdCW5tWa7pie,953MwRPrSjhY6FzjaiGLcEMTKbiXmdfrx6oCs2dx4oAy,FRIES-SOL,2026-09-09T23:23:55+00:00,2026-09-09T23:36:07+00:00,0.09999999000000001,0.09876863478815875,0.0017615679999999998,0.0005302127881587487,0.07587750318282716,turnover,turnover_rebalance,exit,"Fast-out dump exit (5m -5.9% <= -3.0% with PnL +1.49%, peak +1.49%) — realizing before floor gap-through",1.4946,12.2,0,20
azimuth,35Jp9cWpd2X4PEKrZC1YUX9cbW3gpZZn7YPtkP6yU6Ei,3vnFSkGU2foSKWsbH5pEJ6HFstugb5YBELkRGgUdJAeA,NASDUCK-SOL,2026-09-09T23:34:33+00:00,2026-09-09T23:42:12+00:00,0.15999999,0.15999514799999998,0.000004297999999999995,-0.0000005440000000189738,0.001994362290993479,turnover,turnover_rebalance,exit,Out of Range for 5.3m (limit 5m),0.0825,7.65,0,20
azimuth,3KGPAJUJ3i2pRECSWGkEchPy8R57sz8SewbSxMpk3z9K,EyQTPRzUY2VcuiVhJNc8NaYoww2uxTeT4jfb6DqxLxwA,UBI-SOL,2026-09-10T00:47:22+00:00,2026-09-10T01:17:50+00:00,0.15999997700000002,0.15999646699999998,0.000049300375871800216,0.00004579037587176815,-0.008265676001865785,pulse,sol_bidask,exit,Low yield (Fee/TVL 24h: 1.45% < 5.0% after 30.0m),0.4223,30.466666666666665,0,44
azimuth,yLXRLar2S6JRKt3PnjPeSf9PHYjaxhyN8rfLofcxpF6,8LZK8W9Pp6GrMKCoTALS3AZ6eAX62uKv8bHPY57iXZkL,OTC-SOL,2026-09-10T01:38:49+00:00,2026-09-10T01:45:00+00:00,0.09999997899999999,0.09999988400000001,0.00000008599999999999303,-0.00000000899999998138501,0.03015545556091226,turnover,sol_bidask,exit,Out of Range for 5.3m (limit 5m),0.444,6.183333333333334,0,44
azimuth,FC3EbwjbyWtHYVtYHx5oQGaJ3iKbayiQevFZZWNvcQXD,GbrDAq3RjcVWeroLDUwmnuQ8N5xaaKj2Rk2dJDg64CLY,EMBER-SOL,2026-09-10T01:18:23+00:00,2026-09-10T02:05:17+00:00,0.159999973,0.159998708,0.0007598461879297717,0.0007585811879297633,0.06532034540430587,pulse,sol_bidask,exit,Out of Range for 30.0m (limit 30m),0.4405,46.9,0,53
azimuth,7cpoV5kUANUkqXKyxvKN7PDikdnASuwyGWJL68M6pr7g,8LZK8W9Pp6GrMKCoTALS3AZ6eAX62uKv8bHPY57iXZkL,OTC-SOL,2026-09-10T01:45:19+00:00,2026-09-10T02:07:46+00:00,0.09999998999999998,0.099989818,0.00004707154114749302,0.00003689954114750871,0.03769905600396761,turnover,turnover_rebalance,exit,Out of Range for 5.3m (limit 5m),0.4097,22.45,0,20
azimuth,BUBz9Syq3mkmvpt3Bnb5nK4pBoqSG8um2JpYyeGonFqN,8LZK8W9Pp6GrMKCoTALS3AZ6eAX62uKv8bHPY57iXZkL,OTC-SOL,2026-09-10T02:08:10+00:00,2026-09-10T02:43:07+00:00,0.09999999,0.099990857,0.000008049999999999997,-0.000001082999999998946,0.03743452648895129,turnover,spot,exit,Out of Range for 5.3m (limit 5m),0.1553,34.95,0,20
azimuth,EY3wz7vGYbJUJ1xJM1wg2qqS2xJbEMm6t5oU9neE1GBo,5LjukK9FDhTo51wp2zkKdAgSk7yg4khr1v9d3HwKFsQJ,PURPS-SOL,2026-09-10T02:37:02+00:00,2026-09-10T03:03:29+00:00,0.09732829683975612,0.099950496,0.0024104279999999996,0.0050326271602438855,0.5673538522044499,turnover,balanced_tight,exit,Out of Range for 5.0m (limit 5m),5.7373,26.45,0,20
azimuth,7An1e6VsDTFzkRjX3JMJpJgrr5JTxTe42fkTAXWLK5Kw,8LZK8W9Pp6GrMKCoTALS3AZ6eAX62uKv8bHPY57iXZkL,OTC-SOL,2026-09-10T02:43:49+00:00,2026-09-10T03:09:43+00:00,0.099990846,0.09276385754039256,0.0027881591453996907,-0.004438829314207748,-0.41342004522393694,turnover,turnover_rebalance,exit,Sustained downtrend dump (1h -16.3% <= -5.0% & PnL -2.70% <= -2.5%) — exit before the SL floor,0.3483,25.9,0,20
azimuth,4GMPeLMTy7WXxvUrAfTrTBq4t61ScfocDVoLbkkgvz81,D2HdXwArgm1TRCSa44p2v2RXNGv3oxe2XaSuW7VX1Zxh,S&P 500-SOL,2026-09-10T03:16:27+00:00,2026-09-10T03:17:55+00:00,0.1026015826278626,0.09856353012731071,0.0016438867415703435,-0.002394165758981548,-0.24363370646345395,turnover,balanced_tight,exit,"Downtrend dump, unconfirmed (PnL -6.26% <= -2.5%, no 1h confirmation) — exit before the SL floor",0.0,1.4666666666666666,0,22
azimuth,aNWoxx327hPkPhYKXA7j3azBfvKAVpJbceCmLyjAejY,54sbyULrreD9HBoV5wRWedeCBEw6gQ7VkdHW18rLX78e,CTO-SOL,2026-09-10T03:14:35+00:00,2026-09-10T03:18:16+00:00,0.11004234674128252,0.11107861604732511,0.00019571745684863386,0.0012319867628912268,0.12273282702512489,turnover,balanced_tight,exit,"Trailing Take-Profit hit (Peak: 2.02%, Current: 0.12% <= ratchet floor 1.42%)",2.0163,3.683333333333333,0,20
azimuth,D2W5bmzjXhoTjvgtr541z9QmadFiHdpGgEBA6Y529mRU,54sbyULrreD9HBoV5wRWedeCBEw6gQ7VkdHW18rLX78e,CTO-SOL,2026-09-10T03:19:00+00:00,2026-09-10T03:25:14+00:00,0.10999999,0.10999226299999998,0.000006843999999999998,-0.0000008830000000209504,-0.010040335514831966,turnover,turnover_rebalance,exit,Out of Range for 5.2m (limit 5m),0.0768,6.233333333333333,0,20
azimuth,Cs8K9gDcuf1QdKFHf8QGwfaHm268BsUhEQpb2RX9bLV9,54sbyULrreD9HBoV5wRWedeCBEw6gQ7VkdHW18rLX78e,CTO-SOL,2026-09-10T03:25:34+00:00,2026-09-10T03:44:05+00:00,0.10999999000000002,0.109999654,0.00040923257850438913,0.0004088965785043752,0.050454403648256374,turnover,turnover_rebalance,exit,Out of Range for 5.0m (limit 5m),0.4829,18.516666666666666,0,20
azimuth,8vxfwNfKXS1rN2VW8p6QRgLEbWdX1MnNVRRZEedNNrji,54sbyULrreD9HBoV5wRWedeCBEw6gQ7VkdHW18rLX78e,CTO-SOL,2026-09-10T03:44:27+00:00,2026-09-10T03:58:26+00:00,0.10999998999999999,0.10999660000000001,0.00005012532097771997,0.00004673532097773658,-0.010439974036293265,turnover,turnover_rebalance,exit,Out of Range for 5.3m (limit 5m),0.2106,13.983333333333333,0,20
azimuth,CXW8VnzKCmHdzrVADtutJ7ED7qmMNBuoZfJeujdnH6iJ,953MwRPrSjhY6FzjaiGLcEMTKbiXmdfrx6oCs2dx4oAy,FRIES-SOL,2026-09-10T03:42:48+00:00,2026-09-10T04:27:01+00:00,0.09945662699991786,0.09942085085815794,0.002220874,0.002185097858240073,0.24176246387618683,turnover,balanced_tight,exit,"Trailing Take-Profit hit (Peak: 2.50%, Current: 1.78% <= ratchet floor 1.90%)",2.4964,44.21666666666667,0,20
azimuth,EaTqqeqtnLfphGzeZ8jc6c7BBDbyL4ZCtjtaxAt5RNuJ,EAf6shtt8QGJ7UiSRrDc6pzwXKEmb5s7tCCpSDe5zpzZ,BUTTHOLE-SOL,2026-09-10T04:23:39+00:00,2026-09-10T07:04:07+00:00,0.099999975,0.099998836,0.000019568868139281243,0.000018429868139269168,-0.027576297027787078,,,,,,160.46666666666667,,53
azimuth,EjQhAowzM3bJYUSQfMB55b68CfKXZMHCCCm6QPnXPZLf,9aXA6qqqXueA6Eq9WPRgas4wQgjPCEspzutbaS3UZkXT,CLANKER-SOL,2026-09-10T04:39:56+00:00,2026-09-10T07:06:47+00:00,0.09999997900000002,0.099999428,0.000175177,0.0001746259999999833,-0.03277432284253301,turnover,spot,exit,Low yield (Fee/TVL 24h: 1.72% < 5.0% after 141.0m),0.0,146.85,0,44
azimuth,2eS9nVfi3v6AG1EFCZchMmCtYaA14XWaZbwSwSpTZhv3,EyQTPRzUY2VcuiVhJNc8NaYoww2uxTeT4jfb6DqxLxwA,UBI-SOL,2026-09-10T07:52:34+00:00,2026-09-10T08:22:56+00:00,0.149999978,0.14996621805103572,0.00007059132435778086,0.00003683137539348125,0.005354120362891734,pulse,sol_bidask,exit,Low yield (Fee/TVL 24h: 2.29% < 5.0% after 30.2m),0.0615,30.366666666666667,0,44
azimuth,8QC8uVFSSQiYpVrivjdy9BBcKdFXaCLGj8Z2y5Lhxzfd,953MwRPrSjhY6FzjaiGLcEMTKbiXmdfrx6oCs2dx4oAy,FRIES-SOL,2026-09-10T10:42:42+00:00,2026-09-10T10:45:47+00:00,0.14921354499989864,0.14631911146863938,0.000569898,-0.0023245355312592475,-0.23088804575173327,turnover,balanced_tight,exit,"Fast-out dump exit, underwater (5m -4.5% <= -3.0% with PnL -2.31% <= -1.5%) — cutting before the downtrend level",0.4841,3.0833333333333335,0,20
azimuth,478Wfo72LjXaMdNfSb914NQm2F4bqmHgr4PKfiYDEx9c,ErwEeF8y8uLR7LkJcL3xRUuN1d8SrMLZJB92Ydq8vfdw,DOGE-1-SOL,2026-09-10T15:23:24+00:00,2026-09-10T15:55:21+00:00,0.109999974,0.10999996799999999,0.0000006315409827798023,0.0000006255409827626845,-0.035466331197273604,pulse,sol_bidask,exit,Low yield (Fee/TVL 24h: 0.03% < 5.0% after 31.5m),0.3039,31.95,0,53
azimuth,5tQir2fGxRdDsegac2R2QkhiXP6QdoMbau14gH2WeR8U,5LjukK9FDhTo51wp2zkKdAgSk7yg4khr1v9d3HwKFsQJ,PURPS-SOL,2026-09-10T16:05:42+00:00,2026-09-10T16:06:41+00:00,0.1493400196238096,0.14910906084328743,0,-0.000230958780522178,-0.02760959899811688,turnover,balanced_tight,exit,"Trailing Take-Profit hit (Peak: 1.51%, Current: 0.82% <= ratchet floor 0.91%)",1.5098,0.9833333333333333,0,20
azimuth,85Hdgvr7uykiTYKxWM45cWtFkEMxs72ZK5EVk6TFaGA8,5LjukK9FDhTo51wp2zkKdAgSk7yg4khr1v9d3HwKFsQJ,PURPS-SOL,2026-09-10T16:06:57+00:00,2026-09-10T16:16:05+00:00,0.149999989,0.14997532400000002,0.000021149999999999996,-0.000003514999999981727,-0.01332905991314881,turnover,turnover_rebalance,exit,Out of Range for 5.1m (limit 5m),0.0,9.133333333333333,0,20
azimuth,FdaNpCvA3uu46rVbXWZYtJrM3TLncWiAbBAq9zutsACw,5LjukK9FDhTo51wp2zkKdAgSk7yg4khr1v9d3HwKFsQJ,PURPS-SOL,2026-09-10T16:16:28+00:00,2026-09-10T16:22:16+00:00,0.14999998899999997,0.149992713,0.00006605599999999999,0.000058780000000036026,0.00526486142521243,turnover,turnover_rebalance,exit,Out of Range for 5.0m (limit 5m),0.004,5.8,0,20
azimuth,FHQbM7KtHWRMrNgMWXKpYuTd5WjTGNkMryGeg99RdfwG,5LjukK9FDhTo51wp2zkKdAgSk7yg4khr1v9d3HwKFsQJ,PURPS-SOL,2026-09-10T16:22:43+00:00,2026-09-10T16:42:18+00:00,0.149999989,0.14771966246853624,0.002741987,0.0004616604685362402,0.057046021604005404,turnover,turnover_rebalance,exit,"Fast-out dump exit, underwater (5m -4.4% <= -3.0% with PnL -1.94% <= -1.5%) — cutting before the downtrend level",0.2463,19.583333333333332,0,20
azimuth,By24xovUqTh13L3m95EEVZRNgbUWk8FQ2DVbSSjgMyRg,EAf6shtt8QGJ7UiSRrDc6pzwXKEmb5s7tCCpSDe5zpzZ,BUTTHOLE-SOL,2026-09-10T16:47:40+00:00,2026-09-10T16:49:41+00:00,0.09897059558038893,0.09755875741142808,0.00030946692265714637,-0.0011023712463037044,-0.1296496774044993,turnover,balanced_tight,exit,"Downtrend dump, unconfirmed (PnL -2.61% <= -2.5%, no 1h confirmation) — exit before the SL floor",0.7222,2.0166666666666666,0,20
azimuth,3WBYFPziYCxJG6bGBsTjGLPGNzS6rG8zRgi4gC9JKRjy,9aXA6qqqXueA6Eq9WPRgas4wQgjPCEspzutbaS3UZkXT,CLANKER-SOL,2026-09-10T16:51:21+00:00,2026-09-10T16:57:34+00:00,0.09999997899999999,0.09999933700000001,0.00000053499999999999,-0.00000010699999998531329,0.0006649362817086057,turnover,sol_bidask,exit,Out of Range for 5.2m (limit 5m),0.0028,6.216666666666667,0,44
azimuth,FJp4vr9Hm1eobCQZXMg7HA8y8WHNWot9U7r1VSuHPe2r,DoQbAjidahwZMDembBpTNhnV1PmFnFY1W3hXET222kka,fone-SOL,2026-09-10T16:44:23+00:00,2026-09-10T17:14:55+00:00,0.12999997700000002,0.12998772190815341,0.00008313299999999999,0.00007087790815341055,0.0709362111094638,pulse,sol_bidask,exit,Low yield (Fee/TVL 24h: 3.04% < 5.0% after 30.4m),0.5448,30.533333333333335,0,44
azimuth,AtCJYkfWeZFCUFnLt8gUkTDQE9zfxnTrbDs75DV7GYvQ,9aXA6qqqXueA6Eq9WPRgas4wQgjPCEspzutbaS3UZkXT,CLANKER-SOL,2026-09-10T16:57:53+00:00,2026-09-10T17:39:18+00:00,0.09999998999999998,0.09999971099999999,0.00021956500000000004,0.00021928600000001297,0.07120110029236315,turnover,turnover_rebalance,exit,Out of Range for 5.2m (limit 5m),1.0091,41.416666666666664,0,20
azimuth,4HfR5RW8YHe1NMGxf2SsZZVeSY1QyPXALq3Xdo7rQqht,EyQTPRzUY2VcuiVhJNc8NaYoww2uxTeT4jfb6DqxLxwA,UBI-SOL,2026-09-10T17:25:26+00:00,2026-09-10T18:26:15+00:00,0.09999997900000002,0.09998029943072667,0.0001821748987732854,0.00016249532949993983,-0.04004467374328513,turnover,sol_bidask,exit,Low yield (Fee/TVL 24h: 4.39% < 5.0% after 60.2m),0.473,60.81666666666667,0,44
azimuth,ELXkKPNm9sMybkLss9tRKDEooYzn5hoPSp3w4ts2deTP,9aXA6qqqXueA6Eq9WPRgas4wQgjPCEspzutbaS3UZkXT,CLANKER-SOL,2026-09-10T17:39:32+00:00,2026-09-10T18:39:14+00:00,0.09999999,0.09999900600000002,0.00013692800000000003,0.00013594400000001283,-0.04761347516136105,turnover,turnover_rebalance,exit,Low yield (Fee/TVL 24h: 3.29% < 5.0% after 60.0m),0.1089,59.7,0,20
azimuth,8h2PFmkaJfGoGdAzxwx4PugDkAhmHeUJg8rc2Fq8evT7,ErwEeF8y8uLR7LkJcL3xRUuN1d8SrMLZJB92Ydq8vfdw,DOGE-1-SOL,2026-09-10T20:01:15+00:00,2026-09-10T20:27:13+00:00,0.13934703267931753,0.1398697215770528,0.0003461499001339778,0.0008688387978692536,0.1243532989413545,turnover,balanced_tight,exit,"Trailing Take-Profit hit (Peak: 1.26%, Current: 0.27% <= ratchet floor 0.66%)",1.2599,25.966666666666665,0,20
azimuth,6qhxaytHVbmyoMu8PDZZxjeAvRsThQYxNVbxbApt98U2,54sbyULrreD9HBoV5wRWedeCBEw6gQ7VkdHW18rLX78e,CTO-SOL,2026-09-10T20:36:20+00:00,2026-09-10T20:43:38+00:00,0.099999979,0.099998256,0.00000800184817481706,0.000006278848174806617,0.005439521569488903,turnover,sol_bidask,exit,Out of Range for 5.0m (limit 5m),0.0621,7.3,0,44
azimuth,A2saioEDgLDA4jYMHo2fMaR9sZsRVBQtHoAobsfv2wSP,ErwEeF8y8uLR7LkJcL3xRUuN1d8SrMLZJB92Ydq8vfdw,DOGE-1-SOL,2026-09-10T20:27:31+00:00,2026-09-10T21:20:24+00:00,0.13999999000000002,0.139999963,0.0005885074690572,0.0005884804690571843,0.03517610574741603,turnover,turnover_rebalance,exit,Out of Range for 5.2m (limit 5m),0.3959,52.88333333333333,0,20
azimuth,EF6wqDRkUDPK9Mcq7x8BJvH7TNgdzhyDEj2PkCUPbTfm,ErwEeF8y8uLR7LkJcL3xRUuN1d8SrMLZJB92Ydq8vfdw,DOGE-1-SOL,2026-09-10T21:20:46+00:00,2026-09-10T21:32:56+00:00,0.13999999,0.139992788,0.000005763999999999999,-0.0000014379999999925008,0.002778877429390647,turnover,turnover_rebalance,exit,Out of Range for 5.3m (limit 5m),0.0907,12.166666666666666,0,20
azimuth,8v8dJJhRSuMmiAXMZMkKvBSS5DZUwKqypMXtzJLGPBtE,ErwEeF8y8uLR7LkJcL3xRUuN1d8SrMLZJB92Ydq8vfdw,DOGE-1-SOL,2026-09-10T21:33:10+00:00,2026-09-10T21:44:46+00:00,0.13999999,0.139999023,0.0000007969999999999915,-0.00000016999999999378623,-0.0143601070022914,turnover,turnover_rebalance,exit,Out of Range for 5.0m (limit 5m),0.0029,11.6,0,20
azimuth,3MR72WL93Biuv1YDEX9z31fceNMDGZSd1iHzeAWHxB5J,DchDNJc71s11WaHzJRjzW4qG6qbYC8ySzbBMcFmnAThk,BULLSHIT-SOL,2026-09-10T22:12:21+00:00,2026-09-10T22:18:32+00:00,0.139999979,0.13999854,0.000001250999999999994,-0.00000018799999998431183,0.0013906568727808377,turnover,sol_bidask,exit,Out of Range for 5.1m (limit 5m),0.0507,6.183333333333334,0,44
azimuth,GQQ7DGmhQTsyyc5VK6DdcsSo7N2bkKij2sT91ZMrXd5u,DchDNJc71s11WaHzJRjzW4qG6qbYC8ySzbBMcFmnAThk,BULLSHIT-SOL,2026-09-10T22:18:59+00:00,2026-09-10T22:25:44+00:00,0.13999999,0.13999613900000002,0.000006782697868278648,0.0000029316978683024963,-0.008847158207455408,turnover,turnover_rebalance,exit,Out of Range for 5.3m (limit 5m),0.0365,6.75,0,20
azimuth,6KSAzhQeqbwhKMfpP8hfsw2mWjKtge3rkabMvchWfKwL,DchDNJc71s11WaHzJRjzW4qG6qbYC8ySzbBMcFmnAThk,BULLSHIT-SOL,2026-09-10T22:25:58+00:00,2026-09-10T22:34:33+00:00,0.13999999,0.13999994999999998,0.00000002899999999999829,-0.000000010999999994210086,-0.05777399236044367,turnover,turnover_rebalance,exit,Out of Range for 5.3m (limit 5m),0.0,8.583333333333334,0,20
azimuth,EK1PZP5jhFieVj4xuPjkarrYYrnArWKyyeXsEQZiy2aP,953MwRPrSjhY6FzjaiGLcEMTKbiXmdfrx6oCs2dx4oAy,FRIES-SOL,2026-09-10T23:03:50+00:00,2026-09-10T23:06:03+00:00,0.09895999399991172,0.09648121621659347,0.000515333,-0.0019634447833182384,-0.19848323167014037,turnover,balanced_tight,exit,Sustained downtrend dump (1h -7.6% <= -5.0% & PnL -3.19% <= -2.5%) — exit before the SL floor,1.0013,2.216666666666667,0,20
azimuth,6Ejuqst5TgSanuQz66tqFpNZSf2BZoJS8gfGfN5uXRUm,DchDNJc71s11WaHzJRjzW4qG6qbYC8ySzbBMcFmnAThk,BULLSHIT-SOL,2026-09-10T22:35:25+00:00,2026-09-10T23:09:59+00:00,0.13999999,0.139991645,0.00003226028797969236,0.000023915287979708877,-0.06800471103735717,turnover,spot,exit,Out of Range for 5.2m (limit 5m),0.0,34.56666666666667,0,20
azimuth,D3DgRBvCsH5nTFRAbsHmjieZdx8sErHoWMpFbukRh8aR,EyQTPRzUY2VcuiVhJNc8NaYoww2uxTeT4jfb6DqxLxwA,UBI-SOL,2026-09-10T23:34:45+00:00,2026-09-10T23:35:50+00:00,0.1407529592115017,0.139710788413887,0.00021732275376418238,-0.0008248480438504957,-0.0822669503938851,turnover,balanced_tight,exit,"Downtrend dump, unconfirmed (PnL -2.71% <= -2.5%, no 1h confirmation) — exit before the SL floor",1.7007,1.0833333333333333,0,20
azimuth,EUirqTpZSTLftnNUxN5ZLoFiTMBBsUsZDSPD6x4c1pPb,9aXA6qqqXueA6Eq9WPRgas4wQgjPCEspzutbaS3UZkXT,CLANKER-SOL,2026-09-11T00:23:52+00:00,2026-09-11T00:32:03+00:00,0.09999998,0.099999635,0.000001062999999999998,0.0000007179999999967768,-0.04817214282281945,turnover,spot,exit,Out of Range for 5.1m (limit 5m),0.8031,8.183333333333334,0,44
azimuth,2wxGi3jrrDvpBxn3uS5e4GX9HbyfqwYNXjCo2y78UQLV,9aXA6qqqXueA6Eq9WPRgas4wQgjPCEspzutbaS3UZkXT,CLANKER-SOL,2026-09-11T00:32:19+00:00,2026-09-11T00:35:10+00:00,0.099999234,0.09990609219236782,0.00011115200000000001,0.00001801019236781498,0.00955521441006546,turnover,turnover_rebalance,exit,"Fast-out dump exit, underwater (5m -4.9% <= -3.0% with PnL -1.51% <= -1.5%) — cutting before the downtrend level",0.0,2.85,0,20
azimuth,679wcaQvYYhhtCLQTESSVXBouuB3RsXFwqq26ttfh7Fy,9aXA6qqqXueA6Eq9WPRgas4wQgjPCEspzutbaS3UZkXT,CLANKER-SOL,2026-09-11T00:26:40+00:00,2026-09-11T00:36:12+00:00,0.09881578099991471,0.09710579745706026,0.0005816739999999999,-0.0011283095428544498,-0.11567678758592947,turnover,balanced_tight,exit,"Fast-out dump exit, underwater (5m -4.5% <= -3.0% with PnL -1.51% <= -1.5%) — cutting before the downtrend level",0.8031,9.533333333333333,0,20
azimuth,24ikgdDnRGub3j8qJKyCCn6uhCFLYuXHes8toabCmK1v,ptVzGfsAqXSqdmkQ2AmxSjbHxp4PL38oSajfSitRgwR,testicle-SOL,2026-09-11T00:13:34+00:00,2026-09-11T00:44:00+00:00,0.139999979,0.139999797,0.00000010299999999999625,-0.00000007899999998617346,-0.067209705251571,pulse,sol_bidask,exit,Low yield (Fee/TVL 24h: 0.00% < 5.0% after 30.2m),0.0,30.433333333333334,0,44
azimuth,2WbG2NLTztLPy9qM2rKQBxZj2NNE7ymFGkPwb3eHECQ5,GbrDAq3RjcVWeroLDUwmnuQ8N5xaaKj2Rk2dJDg64CLY,EMBER-SOL,2026-09-11T04:55:08+00:00,2026-09-11T05:25:30+00:00,0.139999973,0.13999819200000002,0.0000020932705001055734,0.00000031227050012461177,-0.01758620882637274,pulse,sol_bidask,exit,Low yield (Fee/TVL 24h: 0.07% < 5.0% after 30.1m),0.0413,30.366666666666667,0,53
azimuth,386uzieNREvt6pTzFe55G1F7xP8aHdhMLmRa8FKmAk42,DoQbAjidahwZMDembBpTNhnV1PmFnFY1W3hXET222kka,fone-SOL,2026-09-11T06:52:41+00:00,2026-09-11T07:23:13+00:00,0.139999979,0.139999979,0.00000020499999999999695,0.00000020500000000311935,0.05703297194878765,pulse,sol_bidask,exit,Low yield (Fee/TVL 24h: 0.01% < 5.0% after 30.3m),0.257,30.533333333333335,0,44
azimuth,DoHj5W49ioBb9BqABbzUPTwLEAHmqNfBUsyAsLqMfE1q,54sbyULrreD9HBoV5wRWedeCBEw6gQ7VkdHW18rLX78e,CTO-SOL,2026-09-11T09:12:37+00:00,2026-09-11T10:16:27+00:00,0.07035926482962489,0.06951969835672256,0.002069124224665211,0.0012295577517628803,0.11223511909372874,turnover,balanced_tight,exit,"Trailing Take-Profit hit (Peak: 2.03%, Current: 0.62% <= ratchet floor 1.43%)",2.0302,63.833333333333336,0,20
azimuth,3DLgu5F516Kwh9JojkxA92BxGQpVwECgrPdenoXbMjWH,C8MB9xL9vu8r4L2y9jaeZm9KnJxHrU64Ri6ThDabfz3j,LOOKSMAX-SOL,2026-09-11T10:35:47+00:00,2026-09-11T10:37:07+00:00,0.09921131920879767,0.0960996094694459,0.0021762862875393373,-0.0009354234518124255,-0.10137333477729804,turnover,balanced_tight,exit,"Downtrend dump, unconfirmed (PnL -3.38% <= -2.5%, no 1h confirmation) — exit before the SL floor",0.0,1.3333333333333333,0,20
azimuth,2TozkTacEXbTtcM43ZsSLPhSJkAtHHodeL87r6XpiitX,5Vo1BAJ888m3Mn5dVxLNXtCkdmxVN6RDNDocMHM75yG,FROGE-SOL,2026-09-11T11:07:52+00:00,2026-09-11T11:18:17+00:00,0.09720738162915406,0.09883119540473113,0.012644642391638454,0.014268456167215532,1.4214671960879084,turnover,balanced_tight,exit,RUG velocity dump (-22.9% in 5m <= -20%) — emergency exit before it goes to zero,15.5371,10.416666666666666,0,20
azimuth,Bxe5mQY3Enesc3MGtSzaEH7sMe8m5TErhFZMnvMAPHpL,JBGqmRZB4csWcQnTMaJGsKBoo4zC1dAoMs7LYGMKqEjD,FLAME-SOL,2026-09-11T11:24:19+00:00,2026-09-11T11:25:21+00:00,0.09852539558194515,0.0963351583650099,0.007649251230191465,0.005459014013256214,0.5381917158220801,turnover,balanced_tight,exit,"Fast-out dump exit, underwater (5m -16.5% <= -3.0% with PnL -1.85% <= -1.5%) — cutting before the downtrend level",0.6286,1.0333333333333334,0,20
azimuth,F9HfuSbw4PLHJib1siDasNGEGtopehRgpXzqSDdz8be2,54sbyULrreD9HBoV5wRWedeCBEw6gQ7VkdHW18rLX78e,CTO-SOL,2026-09-11T10:17:15+00:00,2026-09-11T11:44:59+00:00,0.13999999,0.1311737866384886,0.005592468917042607,-0.0032337344444687832,-0.359255939349568,turnover,turnover_rebalance,exit,Sustained downtrend dump (1h -8.9% <= -5.0% & PnL -3.38% <= -2.5%) — exit before the SL floor,1.0598,87.73333333333333,0,20
azimuth,2yUgtbrcW9Q4yAc6FRrhyoFZkfLfwy9217HZVRHLRizN,EruDPPb6aL1wmUK32GnkWeWU1FnPfb1sqeznWQDg3Pux,EMBERCAT-SOL,2026-09-11T11:38:47+00:00,2026-09-11T11:45:23+00:00,0.09843311768839501,0.09620612912126701,0.009126385272796987,0.006899396705668984,0.7195071043626804,turnover,balanced_tight,exit,"Fast-out dump exit (5m -4.5% <= -3.0% with PnL +6.80%, peak +8.16%) — realizing before floor gap-through",8.1614,6.6,0,30
azimuth,CiFtwVxzK6BFRxx9ZPqwoHA5T7DR6FeEg8goSCJ1umGh,EruDPPb6aL1wmUK32GnkWeWU1FnPfb1sqeznWQDg3Pux,EMBERCAT-SOL,2026-09-11T11:45:49+00:00,2026-09-11T11:53:22+00:00,0.09999998999999998,0.08915432891177265,0.0060404578177785315,-0.00480520327044881,-0.48147664891290276,turnover,turnover_rebalance,exit,"Fast-out dump exit (5m -15.1% <= -3.0% with PnL +1.39%, peak +1.39%) — realizing before floor gap-through",1.3943,7.55,0,20
azimuth,FSfabGJ9peGYKdB3Zgd6nr8dZmEuW7iLwu4hhZGZuAGc,EruDPPb6aL1wmUK32GnkWeWU1FnPfb1sqeznWQDg3Pux,EMBERCAT-SOL,2026-09-11T11:53:47+00:00,2026-09-11T11:54:16+00:00,0.09999999,0.09999602390763851,0.0003352264890971558,0.000331260396735672,0.03838713533781579,turnover,turnover_rebalance,exit,RUG velocity dump (-37.5% in 5m <= -20%) — emergency exit before it goes to zero,0.4141,0.48333333333333334,0,20
azimuth,88i61G1LoxJ1rTDRpC1ztqghEyTMGo2hHtvx3M7rDUEf,C8MB9xL9vu8r4L2y9jaeZm9KnJxHrU64Ri6ThDabfz3j,LOOKSMAX-SOL,2026-09-11T12:41:25+00:00,2026-09-11T12:51:16+00:00,0.13908009777694932,0.13467135168576153,0.0005022065009306013,-0.003906539590257191,-0.2659925857811203,turnover,balanced_tight,exit,"Downtrend dump, unconfirmed (PnL -3.59% <= -2.5%, no 1h confirmation) — exit before the SL floor",0.0,9.85,0,20
azimuth,4BrgF8FrG9pnBSWmZEF55dRypgawCVNyeqvRotbgLPWc,5Vo1BAJ888m3Mn5dVxLNXtCkdmxVN6RDNDocMHM75yG,FROGE-SOL,2026-09-11T13:20:03+00:00,2026-09-11T13:22:00+00:00,0.09727016196171702,0.09953344270253464,0.003123074334649754,0.005386355075467378,0.5469099053457569,turnover,balanced_tight,exit,"Fast-out dump exit (5m -9.1% <= -3.0% with PnL +3.00%, peak +3.00%) — realizing before floor gap-through",2.9962,1.95,0,20
azimuth,C7WBRm8ZmjLTNfwHnFtrowbEBG5SBHDpwFQ2b5u64NHS,EyQTPRzUY2VcuiVhJNc8NaYoww2uxTeT4jfb6DqxLxwA,UBI-SOL,2026-09-11T13:15:56+00:00,2026-09-11T13:31:30+00:00,0.1373446785441874,0.140769099,0.0040601044741519566,0.00748452492996457,0.7355498502142304,turnover,balanced_tight,exit,Out of Range for 5.3m (limit 5m),5.4514,15.566666666666666,0,20
azimuth,4M9U6owQF26bSwuGXsb1nH9cmxvTtZAEfJcAJFkLTNgb,5Vo1BAJ888m3Mn5dVxLNXtCkdmxVN6RDNDocMHM75yG,FROGE-SOL,2026-09-11T13:19:43+00:00,2026-09-11T13:38:12+00:00,0.099999979,0.09838600368200541,0.002725410610462443,0.0011114352924678494,0.07371047126756736,pulse,sol_bidask,exit,RUG velocity dump (-21.2% in 5m <= -20%) — emergency exit before it goes to zero,2.9962,18.483333333333334,0,44
azimuth,7uMdKCs78UgrrprGaf7AGjUeeXRp17ZSbaJwMwW2otsM,JBGqmRZB4csWcQnTMaJGsKBoo4zC1dAoMs7LYGMKqEjD,FLAME-SOL,2026-09-11T14:06:47+00:00,2026-09-11T14:09:11+00:00,0.09865439388360593,0.09365681420012531,0.0011460812703926778,-0.0038514984130879476,-0.4657582753071594,turnover,spot,exit,"Trailing Take-Profit hit (Peak: 1.51%, Current: -2.97% <= ratchet floor 0.91%)",1.5111,2.4,0,20
azimuth,D1LAgjBdxPBwqXXJEZYZdPV8oW5grJe7Rz7hxfB7GSLi,EyQTPRzUY2VcuiVhJNc8NaYoww2uxTeT4jfb6DqxLxwA,UBI-SOL,2026-09-11T13:32:03+00:00,2026-09-11T15:00:58+00:00,0.13999999,0.13869926304955374,0.020204058489754175,0.018903331539307927,2.2788353630947036,turnover,turnover_rebalance,compound,Fee compounding (0.0204 SOL claimed back into range),17.1328,88.91666666666667,0,20
azimuth,DdnpfRChzUFpRtcDgdgum878GurcEBz2wRVQm9Nw1d9w,EyQTPRzUY2VcuiVhJNc8NaYoww2uxTeT4jfb6DqxLxwA,UBI-SOL,2026-09-11T15:01:10+00:00,2026-09-11T15:10:45+00:00,0.16039965,0.160373319,0.00006791723054016719,0.00004158623054015265,-0.05746448386164715,turnover,turnover_rebalance,exit,Out of Range for 5.0m (limit 5m),0.0173,9.583333333333334,0,20
azimuth,NNCUkPb9v299CGDxxRdZWDVpyaKeBuh19KwgMtCxJGS,EyQTPRzUY2VcuiVhJNc8NaYoww2uxTeT4jfb6DqxLxwA,UBI-SOL,2026-09-11T15:11:10+00:00,2026-09-11T15:40:25+00:00,0.16039965,0.160399855,0.00194547745808862,0.0019456824580886267,0.2983479993391036,turnover,turnover_rebalance,exit,Out of Range for 5.2m (limit 5m),1.8766,29.25,0,20
azimuth,4YWrEuFDZQRkvsVDGawYBhuoHfQzZHRwgvEtJgCHW9aB,EyQTPRzUY2VcuiVhJNc8NaYoww2uxTeT4jfb6DqxLxwA,UBI-SOL,2026-09-11T15:40:39+00:00,2026-09-11T17:20:32+00:00,0.16039964999999998,0.15742607536391,0.019852793514827285,0.016879218878737307,1.531950523238411,turnover,turnover_rebalance,compound,Fee compounding (0.0202 SOL claimed back into range),10.5055,99.88333333333334,0,20
azimuth,8PDhcssE6f712vSAHbAf3tHztumLXHPtadJ7gAciU4Yy,EyQTPRzUY2VcuiVhJNc8NaYoww2uxTeT4jfb6DqxLxwA,UBI-SOL,2026-09-11T17:20:41+00:00,2026-09-11T17:47:57+00:00,0.18057462500000002,0.18057388,0.0005348021561521162,0.0005340571561520957,0.009201571894521976,turnover,turnover_rebalance,exit,Out of Range for 12.4m (limit 5m),0.4378,27.266666666666666,0,20
azimuth,FRyzQ2dyGBVn9akFJa3Jnpw5RyzsQQkSJnWkBFLpYJiJ,CnK1jPqSuhbz1ZEHHhVmud3bkUQyHWsqvRuvW1wQGF9f,EMBERCAT-SOL,2026-09-11T18:17:06+00:00,2026-09-11T18:36:37+00:00,0.1476631697925356,0.151717485,0.0026452140000000003,0.006699529207464416,0.7035935894702128,turnover,balanced_tight,exit,Out of Range for 12.2m (limit 5m),4.7756,19.516666666666666,0,20
azimuth,HHUj4hxgrqUzM39KKEzkWdVB4xRrRDzgnYq8nGainn4L,CnK1jPqSuhbz1ZEHHhVmud3bkUQyHWsqvRuvW1wQGF9f,EMBERCAT-SOL,2026-09-11T18:36:51+00:00,2026-09-11T19:16:23+00:00,0.149999989,0.12978207385331214,0.006947874092021198,-0.01327004105466667,-1.3962750458881334,turnover,turnover_rebalance,exit,EMERGENCY Stop-Loss (-11.90% <= -11.0% floor) — bypasses grace/holds,1.6804,39.53333333333333,0,20
azimuth,6dAV65bChqz4j2XFTZU5wpfkRyFE1hGqQetKUqx88SGL,EAf6shtt8QGJ7UiSRrDc6pzwXKEmb5s7tCCpSDe5zpzZ,BUTTHOLE-SOL,2026-09-11T19:48:09+00:00,2026-09-11T20:49:28+00:00,0.139999973,0.1383506879900891,0.0009851620896411226,-0.000664122920269794,0.004961062076491274,pulse,sol_bidask,exit,"Trailing Take-Profit hit (Peak: 1.35%, Current: 0.55% <= ratchet floor 0.75%)",1.3481,61.31666666666667,0,53
azimuth,2DCAs4AiypEuNVqfPE9R1daJqZivGDvAKKmSMerf67Q2,ErwEeF8y8uLR7LkJcL3xRUuN1d8SrMLZJB92Ydq8vfdw,DOGE-1-SOL,2026-09-11T20:03:14+00:00,2026-09-11T21:03:47+00:00,0.10189160211540144,0.09858575906116822,0.0018217719866425763,-0.0014840710675906449,-0.1406455811751215,turnover,balanced_tight,exit,"Stale ticket re-pin (60m in range, peak +0.54% never armed the 1.2% ratchet, fee/TVL 24.2%)",0.5437,60.55,0,20
azimuth,FwKtBWNQVtJWXtwKcFMdvyeh8YnE9mDzdLwv5bmSR4bR,ErwEeF8y8uLR7LkJcL3xRUuN1d8SrMLZJB92Ydq8vfdw,DOGE-1-SOL,2026-09-11T20:03:07+00:00,2026-09-11T21:16:12+00:00,0.09999997499999999,0.09996847281490948,0.00025431389945914924,0.000222811714368637,0.07555924204212161,pulse,sol_bidask,exit,Low yield (Fee/TVL 24h: 4.99% < 5.0% after 72.8m),0.639,73.08333333333333,0,53
azimuth,374KB54fA2ge4CDfADLuKX8MAiTLBeQoQJHVpUYxecS3,FpP5SnzBnHJ5M9wS7fCuYiiSuXUPLNQKpk7qndeZxKZZ,ALL-SOL,2026-09-11T21:10:10+00:00,2026-09-11T21:18:21+00:00,0.09999997799999999,0.09999983800000002,0.0011438474090652282,0.0011437074090652616,0.13957137535724762,pulse,sol_bidask,exit,RUG velocity dump (-39.0% in 5m <= -20%) — emergency exit before it goes to zero,1.333,8.183333333333334,1,44
azimuth,CawDur2RxvYrN47gN3Rfhv7vMgPFMUZbf9CbFDJw2Mwa,Fx4jn8KxoShhfsGJ8heuFh2JiwhWYCodaPiZTt7W4DBx,CHILLHOUSE-SOL,2026-09-11T21:42:19+00:00,2026-09-11T22:12:56+00:00,0.139999979,0.139999979,0,0,-0.06384902589289432,pulse,sol_bidask,exit,Out of Range for 30.1m (limit 30m),0.1925,30.616666666666667,0,44
azimuth,Cc7bbqHs2zHdS4tTYG7WpudYaX8x4VnwLv6HudzB2LK,64BSmy7BESiHnWYzLdPso6FuXymh7H8jTkaiyfbBg1YD,MINI-SOL,2026-09-11T22:58:11+00:00,2026-09-11T23:28:33+00:00,0.099999983,0.09999998273038199,0,-0.00000000026961800847491446,0.056323805464971954,pulse,sol_bidask,exit,Low yield (Fee/TVL 24h: 0.00% < 5.0% after 30.1m),0.5916,30.366666666666667,0,35
azimuth,FNAzsYuE1bWJY9JsVpXTASM2PgTZLk1PXc9jsXqT2dS4,Fx4jn8KxoShhfsGJ8heuFh2JiwhWYCodaPiZTt7W4DBx,CHILLHOUSE-SOL,2026-09-11T21:43:02+00:00,2026-09-11T23:43:41+00:00,0.07068053746404097,0.07040479882154801,0.0009009036479539311,0.0006251650054609759,0.03615628809933469,turnover,balanced_tight,exit,"Stale ticket re-pin (120m in range, peak +0.58% never armed the 1.2% ratchet, fee/TVL 15.1%)",0.5794,120.65,0,20
azimuth,7TLD9j6F4h51rDD9PmgFVSspa3LrMh4EL1wtzd54X1gg,Fx4jn8KxoShhfsGJ8heuFh2JiwhWYCodaPiZTt7W4DBx,CHILLHOUSE-SOL,2026-09-11T23:44:02+00:00,2026-09-12T00:43:38+00:00,0.13999999000000005,0.13999387394408971,0.0000000041623122023092556,-0.0000061118935981430145,-0.03028017417304696,turnover,turnover_rebalance,exit,Low yield (Fee/TVL 24h: 0.00% < 5.0% after 60.1m),0.2186,59.6,0,20
azimuth,H4tR9pp1rN4tgCuNBiM5KRViv7hqpi3S68DGmEDvTs3q,CnK1jPqSuhbz1ZEHHhVmud3bkUQyHWsqvRuvW1wQGF9f,EMBERCAT-SOL,2026-09-12T00:26:39+00:00,2026-09-12T00:46:39+00:00,0.09999997900000002,0.099996312,0.00004436762498572293,0.0000407006249857067,-0.01833256337067013,turnover,sol_bidask,exit,Out of Range for 9.2m (limit 5m),0.0649,20.0,0,44
azimuth,F11pHwFGaWD9HC8hNT1REmkFA7TFRNjF2g4YTWXHYFcx,CnK1jPqSuhbz1ZEHHhVmud3bkUQyHWsqvRuvW1wQGF9f,EMBERCAT-SOL,2026-09-12T00:46:53+00:00,2026-09-12T01:03:23+00:00,0.09999999000000001,0.09766333817994954,0.0012155661880806272,-0.0011210856319698453,-0.13361016732633857,turnover,turnover_rebalance,exit,"Fast-out dump exit, underwater (5m -5.4% <= -3.0% with PnL -2.13% <= -1.5%) — cutting before the downtrend level",0.0,16.5,0,20
azimuth,AeB6NK8DX3wLc5ttirg3FymTqxuXnzDmCSzQzjuRV76m,FpP5SnzBnHJ5M9wS7fCuYiiSuXUPLNQKpk7qndeZxKZZ,ALL-SOL,2026-09-12T00:56:29+00:00,2026-09-12T01:10:22+00:00,0.099999979,0.09988693017883665,0.0012314183777483645,0.0011183695565850083,0.13385142272323947,turnover,sol_bidask,exit,"Fast-out dump exit (5m -11.0% <= -3.0% with PnL +1.22%, peak +1.22%) — realizing before floor gap-through",1.2161,13.883333333333333,0,44
azimuth,J697f3erP85FYfGnozd9sQCbcwL1zwLkGzngbwfnQhVm,FpP5SnzBnHJ5M9wS7fCuYiiSuXUPLNQKpk7qndeZxKZZ,ALL-SOL,2026-09-12T01:10:39+00:00,2026-09-12T01:22:02+00:00,0.09999999000000001,0.09998098700000001,0.00008301885416726426,0.0000640158541672653,0.0013234325262398983,turnover,turnover_rebalance,exit,Out of Range for 5.4m (limit 5m),0.1056,11.383333333333333,0,20
azimuth,LUzBuwAVZJP9nvjkAJ4Qh4HWkKHJMDpYX9ave3qsqbT,FpP5SnzBnHJ5M9wS7fCuYiiSuXUPLNQKpk7qndeZxKZZ,ALL-SOL,2026-09-12T01:22:17+00:00,2026-09-12T01:38:50+00:00,0.09999999,0.09598956955376917,0.0039328650922618195,-0.00007755535396901381,-0.025720760878437332,turnover,turnover_rebalance,exit,"Fast-out dump exit, underwater (5m -17.0% <= -3.0% with PnL -1.64% <= -1.5%) — cutting before the downtrend level",0.0,16.55,1,20
azimuth,DTjjW6GYtQtjmkE7gsVxhTqJ6GvQTKkBWEPR9D7xeV7A,DchDNJc71s11WaHzJRjzW4qG6qbYC8ySzbBMcFmnAThk,BULLSHIT-SOL,2026-09-12T01:20:18+00:00,2026-09-12T02:20:44+00:00,0.099999979,0.09999615051422009,0.0000048468835879463975,0.0000010183978080280376,-0.030838326622189882,turnover,spot,exit,Low yield (Fee/TVL 24h: 1.31% < 5.0% after 60.0m),0.2781,60.43333333333333,0,44
azimuth,Cd1FMbwYHT19PGe1wUT7WjNrt2HaoNSqqwyn7EpwpQLt,DchDNJc71s11WaHzJRjzW4qG6qbYC8ySzbBMcFmnAThk,BULLSHIT-SOL,2026-09-12T01:20:24+00:00,2026-09-12T02:21:27+00:00,0.09902486380849093,0.09792383069404627,0.00013223750899068548,-0.0009687956054539731,-0.12906574023456052,turnover,balanced_tight,exit,Low yield (Fee/TVL 24h: 3.12% < 5.0% after 60.8m),0.2781,61.05,0,20
azimuth,GhexE7TcPr4a5qq1xHAvWDpX5SfEeaNLmfN34SEdhDNE,5Vo1BAJ888m3Mn5dVxLNXtCkdmxVN6RDNDocMHM75yG,FROGE-SOL,2026-09-12T03:13:43+00:00,2026-09-12T03:14:59+00:00,0.14839536899990594,0.14369984048918327,0.0007288848215430033,-0.00396664368917965,-0.4067037246320844,turnover,balanced_tight,exit,"Downtrend dump, unconfirmed (PnL -4.26% <= -2.5%, no 1h confirmation) — exit before the SL floor",1.1279,1.2666666666666666,0,20
azimuth,2mn2xmASSqzw68fzFG538ycfCMvFS1rrEUwM5n2FK5Az,9aXA6qqqXueA6Eq9WPRgas4wQgjPCEspzutbaS3UZkXT,CLANKER-SOL,2026-09-12T03:58:24+00:00,2026-09-12T04:02:49+00:00,0.09894368499994592,0.0989318550423141,0.000023206999999999993,0.000011377042368171386,0.015136953348584115,turnover,balanced_tight,exit,"Trailing Take-Profit hit (Peak: 1.20%, Current: -0.44% <= ratchet floor 0.60%)",1.2036,4.416666666666667,0,20
azimuth,8s4DwqQLBiH9kgFzqFJZGNBSdgbj8kKqrg9ysxyAmDHH,5LjukK9FDhTo51wp2zkKdAgSk7yg4khr1v9d3HwKFsQJ,PURPS-SOL,2026-09-12T03:43:22+00:00,2026-09-12T04:13:58+00:00,0.149999978,0.149995687,0.0000037599999999999987,-0.0000005310000000258164,0.012897988954064132,pulse,sol_bidask,exit,Low yield (Fee/TVL 24h: 0.12% < 5.0% after 30.2m),0.1409,30.6,0,44
azimuth,9fJGFuW4NnDMTox1Pq5U8ffYsLs5CZ3c1APKn8f3MchF,953MwRPrSjhY6FzjaiGLcEMTKbiXmdfrx6oCs2dx4oAy,FRIES-SOL,2026-09-12T04:29:25+00:00,2026-09-12T04:42:41+00:00,0.14898989099995294,0.15005953411868722,0.000390902,0.00146054511873428,0.1581234484956866,turnover,balanced_tight,exit,"Trailing Take-Profit hit (Peak: 1.23%, Current: 0.62% <= ratchet floor 0.63%)",1.2311,13.266666666666667,0,20
azimuth,9PwBzYeHuZBJMN7SbfwSTFiyV9n2xTUJh528VsNbQjUA,953MwRPrSjhY6FzjaiGLcEMTKbiXmdfrx6oCs2dx4oAy,FRIES-SOL,2026-09-12T04:43:10+00:00,2026-09-12T04:51:12+00:00,0.149999989,0.149998287,0.000022573999999999994,0.00002087200000000511,-0.0069313648262046,turnover,turnover_rebalance,exit,Out of Range for 5.3m (limit 5m),0.003,8.033333333333333,0,20
azimuth,NQZpex3oFQV7yXgCiSfk1hsXHL1tWxp6vs26pGUPgdZ,953MwRPrSjhY6FzjaiGLcEMTKbiXmdfrx6oCs2dx4oAy,FRIES-SOL,2026-09-12T04:51:56+00:00,2026-09-12T05:04:14+00:00,0.149999989,0.149998621,0.000007985999999999993,0.000006617999999986024,-0.009081517492342428,turnover,turnover_rebalance,exit,Out of Range for 5.0m (limit 5m),0.0023,12.3,0,20
azimuth,8hDKabrcfaStn4mQKtjS9aDkE2A8ifQeZtJK4LYRXvy,953MwRPrSjhY6FzjaiGLcEMTKbiXmdfrx6oCs2dx4oAy,FRIES-SOL,2026-09-12T05:04:32+00:00,2026-09-12T05:19:04+00:00,0.14999998900000003,0.14999537999999998,0.000020732999999999993,0.000016123999999950733,-0.009806096487317006,turnover,turnover_rebalance,exit,Out of Range for 5.0m (limit 5m),0.0,14.533333333333333,0,20
azimuth,RVwFCiNAzTnKcpsiUM859dxDJY7HA58nf3HSC1Fpq5L,FpP5SnzBnHJ5M9wS7fCuYiiSuXUPLNQKpk7qndeZxKZZ,ALL-SOL,2026-09-12T07:27:02+00:00,2026-09-12T08:18:27+00:00,0.1474443781692921,0.12907601882884423,0.01146138286436825,-0.0069069764760796015,-0.7217301037956929,turnover,balanced_tight,exit,Out of Range for 5.4m (limit 5m),9.0636,51.416666666666664,0,20
azimuth,pX5ZxDUwhvC9zpcd3nSavBs98vKrPgaF6cNL7KtPLnz,EyQTPRzUY2VcuiVhJNc8NaYoww2uxTeT4jfb6DqxLxwA,UBI-SOL,2026-09-12T09:12:45+00:00,2026-09-12T11:08:36+00:00,0.099999979,0.09996936265658814,0.0004289192455046068,0.000398302902092737,0.052371586640667545,,,,,,115.85,,44
azimuth,By4qmsYwGycsfoxM8ZTHV1Ugcq38anTA1DjXZhANrTeZ,54sbyULrreD9HBoV5wRWedeCBEw6gQ7VkdHW18rLX78e,CTO-SOL,2026-09-12T13:02:05+00:00,2026-09-12T13:10:44+00:00,0.14017559918505848,0.13847522875351848,0.00023384919711668526,-0.0014665212344233125,-0.15058954904021604,turnover,balanced_tight,exit,"Fast-out dump exit, underwater (5m -4.0% <= -3.0% with PnL -2.18% <= -1.5%) — cutting before the downtrend level",0.7165,8.65,0,20
azimuth,HZ6HUPfbbd2kC3i2rLZUqimWnNyPS9jp9w4qXeoDbV6m,Fx4jn8KxoShhfsGJ8heuFh2JiwhWYCodaPiZTt7W4DBx,CHILLHOUSE-SOL,2026-09-12T13:45:42+00:00,2026-09-12T14:16:04+00:00,0.13999997900000002,0.13999991407979676,0.0000013434255004181563,0.0000012785052971586719,0.014536194852105666,pulse,sol_bidask,exit,Low yield (Fee/TVL 24h: 0.05% < 5.0% after 30.0m),0.2149,30.366666666666667,0,44
azimuth,B7K2a143gPp78NCoWYZjchZfnfDWAztPdWiQo4GoA6xd,JBGqmRZB4csWcQnTMaJGsKBoo4zC1dAoMs7LYGMKqEjD,FLAME-SOL,2026-09-12T15:21:49+00:00,2026-09-12T15:25:44+00:00,0.13724091243663078,0.1366542081355853,0.00029611938274406,-0.00029058491830141753,-0.04020604493905999,turnover,balanced_tight,exit,"Fast-out dump exit, underwater (5m -6.3% <= -3.0% with PnL -2.01% <= -1.5%) — cutting before the downtrend level",0.2921,3.9166666666666665,0,20
meridian,DfjxksqhbYBMBnCVgdAqZHJGuqQzaT4F4BciqbTXeu2B,piAsMQ549AVA7bxdD3bH9ZH8ztrQJWCR6vpUARLYxJk,HeeHaw-SOL,2026-09-05T15:40:17+00:00,2026-09-05T15:59:24+00:00,0.499999976,0.49999255400000003,0.0002902856221727093,0.00028286362217277983,0.13833218973654482,,bid_ask,exit,Out of range for 5m (limit: 5m),,19.116666666666667,,46
meridian,EpCYvuZYgykjdJVgPaAciSCajriUG1SeZDAGtf8jtKRM,ESFRBnw6arbADgvjw9PpSsEFq9gS8TkM1ZXGnKo2ZVKQ,REDACTED-SOL,2026-09-05T17:10:51+00:00,2026-09-05T17:19:45+00:00,0.4999999650000001,0.499991633,0.000005532999999999999,-0.000002799000000108798,0.03562901798159146,,bid_ask,exit,Out of range for 5m (limit: 5m),,8.9,,69
meridian,FhFyRU2tCPveCiS5Tz2YhSxFQMw1XR4p1ew1CuESJtzL,Ekm4LYkihEdQgZx2UReDMJ3eCDDjExPQLG94WfWmfyWr,OTC-SOL,2026-09-05T18:17:21+00:00,2026-09-05T18:25:46+00:00,0.49999997300000004,0.49999683599999994,0.0000028054167220181716,-0.000000331583278057046,0.0573327983312808,,bid_ask,exit,Out of range for 5m (limit: 5m),,8.416666666666666,,59
meridian,88evEZaVXvmmUTHxjo9UjFTP8dZeM3i7qg2ENDGHZHj,5QpDQ6ddkv1ArytJQ991kh8doeXPrt9hHFWK2HmEToDm,FRIES-SOL,2026-09-05T17:40:11+00:00,2026-09-05T18:39:54+00:00,0.4999999659999999,0.49595671218002896,0.007976543,0.003933289180029054,0.3826780495301776,,bid_ask,exit,Trailing TP: peak 1.22% → current 0.53% (dropped 0.69% >= 0.6%),,59.71666666666667,,67
meridian,715Lf58rXtNtNHFCQD2s2yzXwgqXc9HuYSkJPAAMo2so,8e7QE8XgQ3js91srQP2SDViUPkhHdcHdMRXNztoRXq4g,Token-SOL,2026-09-05T18:40:20+00:00,2026-09-05T19:07:58+00:00,0.49999669,0.500001371,0.00022580093484657438,0.00023048193484653812,0.018179221037897264,,bid_ask,exit,Out of range for 5m (limit: 5m),,27.633333333333333,,84
meridian,H5kEDBSm9mMgSu7epg32k1jqbyLiUHUbfa4SmZh3nEab,2oRkJR9EuLQSdJDVLg353UTJcL8zbKh1sSQ1Y3bM3xLD,fone-SOL,2026-09-05T20:50:31+00:00,2026-09-05T20:56:37+00:00,0.499999986,0.49999995100000005,0,-0.00000003499999995382197,-0.02624137207835986,,bid_ask,exit,Out of range for 5m (limit: 5m),,6.1,,35
meridian,GWo6qNqzAmp6sQGQJyRofDBptiqgyE9oku9okF5e32oH,ErwEeF8y8uLR7LkJcL3xRUuN1d8SrMLZJB92Ydq8vfdw,DOGE-1-SOL,2026-09-05T21:20:14+00:00,2026-09-05T22:20:18+00:00,0.49999996999999996,0.4999848497623519,0.0002824897727172808,0.00026736953506922845,0.033559361073891125,,bid_ask,exit,Low yield: fee/TVL 1.44% < min 7% (age: 60m),,60.06666666666667,,60
meridian,5ySeBnF45W5par3pyVxXDantGLUe5TeE3QdymGXPSjYw,5pjRzUQan6bYynQERLK499fq48LiD5ryZrf9adZX1HQo,Jimothy-SOL,2026-09-05T22:19:59+00:00,2026-09-05T22:25:54+00:00,0.49999996700000005,0.499993504,0.000005599999999999994,-0.0000008630000000731108,-0.09198180464881744,,bid_ask,exit,Out of range for 5m (limit: 5m),,5.916666666666667,,64
meridian,C6CdX2etjQuTKV8Z1J637FraDSAiL98ws3V1dUpUpqh4,54sbyULrreD9HBoV5wRWedeCBEw6gQ7VkdHW18rLX78e,CTO-SOL,2026-09-06T00:15:09+00:00,2026-09-06T00:20:29+00:00,0.49999997,0.49999635899999995,0.000003214999999999992,-0.00000039600000006911884,-0.024067690692113786,,bid_ask,exit,Out of range for 5m (limit: 5m),,5.333333333333333,,60
meridian,FXNvwBv96wsoq3vSCNySadqCX8RQ638wLbW2uQ6faiCY,3T6pPCvChxMWvGavkyNSFN7UyiMeUwV3NbHHTybPogFC,BUTTHOLE-SOL,2026-09-06T00:40:42+00:00,2026-09-06T00:55:48+00:00,0.499999965,0.49999545300000003,0.0024197261539447438,0.0024152141539447447,0.22523128975668527,,bid_ask,exit,Out of range for 5m (limit: 5m),,15.1,,69
meridian,38LLojivLZpAFXgzhBt9T9cZztrsidcwJvRJYSn3UXJn,5Vo1BAJ888m3Mn5dVxLNXtCkdmxVN6RDNDocMHM75yG,FROGE-SOL,2026-09-06T00:39:17+00:00,2026-09-06T01:40:48+00:00,0.49999996500000005,0.499997066,0.007398987178394669,0.0073960881783946,1.0384396875592259,,bid_ask,exit,pumped far above range,,61.516666666666666,,69
meridian,5navf7EQDbVwfLGQTzG7HoTYybt3z4K7WunuvGtbAVjL,EZyszDEx1LZDt7TsSFV8xdPi49sDKC3mdfv2MVMEQLtU,ANTHROPIC-SOL,2026-09-06T01:35:15+00:00,2026-09-06T01:42:59+00:00,0.499999986,0.499991756,0.0000120570385962156,0.000003827038596193599,0.09284827066419155,,bid_ask,exit,Out of range for 5m (limit: 5m),,7.733333333333333,,35
meridian,Xr64xcyokyuJ3frJ5Q8TqbBJgJsFswScpoDxanJHoj5,FxPPZGPiTNYzgdMkNgAkA8QRZjNxurjBo7JgPt9z4T5X,MADE-SOL,2026-09-06T02:10:17+00:00,2026-09-06T02:17:44+00:00,0.499999986,0.499989507,0.000006815205836346338,-0.0000036637941636663562,-0.06423429909129652,,bid_ask,exit,pumped far above range,,7.45,,35
meridian,2p4NuDWkZ7i5vrGYQssibSkU9SuDFV8VJbQCi56Ge53k,5A15QUc6kMxw9dsVpVUv6ZdTTBeyWBN2scyy1MEQJFQs,GTA6-SOL,2026-09-06T03:59:52+00:00,2026-09-06T04:00:06+00:00,0.499999971,0.499999971,0,0,0.07711993239667692,,bid_ask,exit,pumped far above range,,0.23333333333333334,,54
meridian,7ZhJGot27GgobZEfXAtTUsk2TbEh7e83dGEjthHN8oNu,5A15QUc6kMxw9dsVpVUv6ZdTTBeyWBN2scyy1MEQJFQs,GTA6-SOL,2026-09-06T04:00:40+00:00,2026-09-06T04:05:58+00:00,0.4999968,0.49999678999999997,0,-0.000000010000000050247593,-0.07429426220819124,,bid_ask,exit,Out of range for 5m (limit: 5m),,5.3,,79
meridian,5NYbg4Urt8GZvurSpvb3cvhUQb5vb7y1nFCks9ic2VFZ,5A15QUc6kMxw9dsVpVUv6ZdTTBeyWBN2scyy1MEQJFQs,GTA6-SOL,2026-09-06T04:18:36+00:00,2026-09-06T04:22:53+00:00,0.499999965,0.499992665,0.000041242936679411066,0.00003394293667946524,-0.11967297512561714,,bid_ask,exit,pumped far above range,,4.283333333333333,,69
meridian,4PVQxVXKsj3eNkNoMA7wKWYghZBi4af15M31Vc99uzHp,5A15QUc6kMxw9dsVpVUv6ZdTTBeyWBN2scyy1MEQJFQs,GTA6-SOL,2026-09-06T04:32:17+00:00,2026-09-06T04:36:46+00:00,0.499999982,0.499997027,0.0000030989286587337347,0.00000014392865871348803,0.13311908071253242,,bid_ask,exit,pumped far above range,,4.483333333333333,,35
meridian,ALsePvkkxj5sUYdMEw5GNoe6bomZqKbPYjQ5rdMx74RC,68C62WPYiiNZxprbuaMj2ULXpiTDKcs5xsX7kBGnyajR,MANLET-SOL,2026-09-06T04:45:17+00:00,2026-09-06T05:05:31+00:00,0.49999998100000004,0.47354619588387514,0.017935273950429684,-0.008518511165695186,-1.0388249126155316,,bid_ask,exit,Trailing TP: peak 1.21% → current -3.01% (dropped 4.22% >= 0.6%),,20.233333333333334,,36
meridian,5SM5orddQReKptww3o4DdREN8D2uz31Sob6HQaQi4tdx,5A15QUc6kMxw9dsVpVUv6ZdTTBeyWBN2scyy1MEQJFQs,GTA6-SOL,2026-09-06T04:51:01+00:00,2026-09-06T05:46:53+00:00,0.499999965,0.499996134,0.0006814808034512655,0.0006776498034513079,0.2689499398148598,,bid_ask,exit,Out of range for 5m (limit: 5m),,55.86666666666667,,69
meridian,J9tJcZQQN8XWdtUQwJW3SJn3usx4qXp3E4oCHNTw3zyQ,5Hm18bAMV77YtjA1T1hc31Mpk2BcXay9YtkR5kkZW8AT,TAO-SOL,2026-09-06T05:51:50+00:00,2026-09-06T06:48:13+00:00,0.49999996500000005,0.49999972240576646,0.00013127374654341102,0.00013103115230977957,-0.5525829714010726,,bid_ask,exit,Trailing TP: peak 1.45% → current -1.06% (dropped 2.51% >= 0.6%),,56.38333333333333,,69
meridian,GEazvSFz8DQuLVYAToTCG813NxoG8CifjrJwBNze1RaF,5QpDQ6ddkv1ArytJQ991kh8doeXPrt9hHFWK2HmEToDm,FRIES-SOL,2026-09-06T06:49:48+00:00,2026-09-06T07:08:37+00:00,0.49999997600000007,0.499979582,0.0007422809999999998,0.0007218869999999211,-0.010821638042173731,,bid_ask,exit,Out of range for 5m (limit: 5m),,18.816666666666666,,46
meridian,8jQhVU6QgoAN4PQV5rjKqsKGTtqqkftSN4aMai5ygAFs,piAsMQ549AVA7bxdD3bH9ZH8ztrQJWCR6vpUARLYxJk,HeeHaw-SOL,2026-09-06T07:11:56+00:00,2026-09-06T07:18:18+00:00,0.499999976,0.49999729800000003,0.000002394,-0.00000028399999996153724,-0.009602486931271415,,bid_ask,exit,Out of range for 5m (limit: 5m),,6.366666666666666,,46
meridian,F2MbNCJ2bkafohBRzG1aw1JGLNJjXDfXMS2yUHCS4fd1,6xBKq4zHKwe4u19CZfm6cyqBoFojsc1yUNB8dZMHbqb,SOLCAT-SOL,2026-09-06T09:36:01+00:00,2026-09-06T09:36:27+00:00,0.49999996500000005,0.499999965,0,-0.00000000000000005551115123125783,-0.07635544167505515,,bid_ask,exit,pumped far above range,,0.43333333333333335,,69
meridian,BvuSgwXWA1WTUSMMS5hAywDSGrJkumPgqCfSFjYxbqXt,R88hawBDy3CTiX7F7woKgMJAXbed7f5H38qR4FB2eav,world-SOL,2026-09-06T11:53:00+00:00,2026-09-06T11:58:31+00:00,0.499999971,0.499991362,0.00016316760329794665,0.00015455860329799398,-0.04646600212093688,,bid_ask,exit,Out of range for 5m (limit: 5m),,5.516666666666667,,57
meridian,EAzXK6uzNw9erfa9cbTVmk6ArWCz8WBwS7jfPy4Y2S5F,6xBKq4zHKwe4u19CZfm6cyqBoFojsc1yUNB8dZMHbqb,SOLCAT-SOL,2026-09-06T11:59:21+00:00,2026-09-06T12:04:54+00:00,0.499999965,0.499997886,0.0000018539999999999932,-0.00000022499999996483666,0.0019426307842209667,,bid_ask,exit,Out of range for 5m (limit: 5m),,5.55,,69
meridian,2JKJWJB1r9DjDRX48bu5jW2fBeYqdaamorKt5QGBHYV8,ARqHS4dXM989rYBjDKzx249yqBXQtdrUioemyoGEnAnk,biketyson-SOL,2026-09-06T11:30:08+00:00,2026-09-06T12:06:00+00:00,0.499999971,0.49999840199999995,0.001156529,0.0011549599999999827,0.050876556497705394,,bid_ask,exit,Out of range for 5m (limit: 5m),,35.86666666666667,,54
meridian,5oJyEAoA6gkzfp2vrZQGVBWsT3RxFUFoXyerv6BHqAY7,6xBKq4zHKwe4u19CZfm6cyqBoFojsc1yUNB8dZMHbqb,SOLCAT-SOL,2026-09-06T12:25:15+00:00,2026-09-06T12:30:47+00:00,0.49999997099999993,0.49999997100000004,0,0.00000000000000011102230246251565,0.06852541885301378,,bid_ask,exit,Out of range for 5m (limit: 5m),,5.533333333333333,,57
meridian,9Ti73573NEF7HgQRq5wnhrDQg3KV24Ce9PYHjzMuZs9d,FsLzsfzv1dCYQcvfACwpEobP8mdEyYAGphuNuVuEed3Z,BILL-SOL,2026-09-06T12:50:28+00:00,2026-09-06T12:57:31+00:00,0.499999965,0.49999972200000004,0.004329639000000001,0.004329396000000041,0.49890573026356577,,bid_ask,exit,pumped far above range,,7.05,,69
meridian,FEPo5bcYhhduXFntWhVWiw2DTPAVCKuP5nStXudWRFUa,6xBKq4zHKwe4u19CZfm6cyqBoFojsc1yUNB8dZMHbqb,SOLCAT-SOL,2026-09-06T12:58:59+00:00,2026-09-06T13:21:31+00:00,0.499999971,0.4999834630620773,0.010554353999999998,0.01053784606207736,0.8472184596626278,,bid_ask,exit,take profit,,22.533333333333335,,54
meridian,4NbG7VeBtFvWD7fojjvC5vvZoefiNPfzsdngDFnK3pjQ,5Hm18bAMV77YtjA1T1hc31Mpk2BcXay9YtkR5kkZW8AT,TAO-SOL,2026-09-06T12:30:26+00:00,2026-09-06T13:22:14+00:00,0.499999986,0.4998673002525215,0.0014051520047680469,0.0012724662572895507,-0.09152971171872792,,bid_ask,exit,Trailing TP: peak 4.84% → current -0.09% (dropped 4.93% >= 0.6%),,51.8,,35
meridian,2Egrx1hi3h4vsUAVzaYU9inMscggfA6Ph4Ay83xESXrN,FkyP1qNhRes63wfGtzGue4G32p36nwVSHzKwW4bJY9br,BILL-SOL,2026-09-06T13:24:10+00:00,2026-09-06T13:39:28+00:00,0.49999996700000005,0.49367482077395586,0.008857419,0.002532272773955846,0.32377850142381703,,bid_ask,exit,Trailing TP: peak 1.46% → current 0.80% (dropped 0.66% >= 0.6%),,15.3,,69
meridian,Fe2pzMoCpjKAkrN8anN588BxkVVtThBwK3TqmCXzEB1W,FkyP1qNhRes63wfGtzGue4G32p36nwVSHzKwW4bJY9br,BILL-SOL,2026-09-06T13:41:08+00:00,2026-09-06T14:09:11+00:00,0.49999996500000005,0.49999812499999996,0.0023613979999999994,0.0023595579999999283,0.5092903522421892,,bid_ask,exit,pumped far above range,,28.05,,69
meridian,5PNDHCFmyqbY1ZmnvD1uvMSMuwXhARYJvfuXFuprPKco,FkyP1qNhRes63wfGtzGue4G32p36nwVSHzKwW4bJY9br,BILL-SOL,2026-09-06T14:19:22+00:00,2026-09-06T14:23:29+00:00,0.49999997000000007,0.4867159120558886,0.007787004,-0.005497053944111485,-0.8772269118380436,,bid_ask,exit,Trailing TP: peak 4.25% → current -0.04% (dropped 4.29% >= 0.6%),,4.116666666666666,,60
meridian,AMKmqyoRh8yH2yxt8XSDunQnixFApTKqR6yWzieUh61x,HqXpWfZdsJCMiwgR8FcmcEN3L7HUZsaifMunaa7ydxTz,CASHCAT-SOL,2026-09-06T14:36:16+00:00,2026-09-06T14:43:08+00:00,0.499999981,0.499998311,0.0000015009999999999908,-0.0000001689999999943126,0.17022961823226268,,bid_ask,exit,Out of range for 5m (limit: 5m),,6.866666666666666,,36
meridian,C3T3UtzdHZt3k2AoRGW2fhi1FugUXP2gnYLKMM5LjDwc,5Vo1BAJ888m3Mn5dVxLNXtCkdmxVN6RDNDocMHM75yG,FROGE-SOL,2026-09-06T13:56:01+00:00,2026-09-06T14:47:15+00:00,0.49999996599999996,0.49594733592757534,0.014012681885650495,0.0099600518132259,0.6269595521181799,,bid_ask,exit,Trailing TP: peak 1.46% → current 0.84% (dropped 0.62% >= 0.6%),,51.233333333333334,,69
meridian,9QoeFiPJr219dM869hVZ3xMqEtMrkXcE6qKH6BxTt4UJ,9aXA6qqqXueA6Eq9WPRgas4wQgjPCEspzutbaS3UZkXT,CLANKER-SOL,2026-09-06T14:46:52+00:00,2026-09-06T14:48:45+00:00,0.49999998599999995,0.500016735,0.0015909140000000001,0.001607663000000037,0.17309024905201653,,bid_ask,exit,pumped far above range,,1.8833333333333333,,35
meridian,5PX5scApC6mq2MaDia43b7ZCSpTxnPMf3KT8Bs99TPHW,9aXA6qqqXueA6Eq9WPRgas4wQgjPCEspzutbaS3UZkXT,CLANKER-SOL,2026-09-06T14:56:53+00:00,2026-09-06T15:01:58+00:00,0.49999996699999993,0.49999350900000006,0.0012011549999999998,0.0011946970000000778,-0.265271763954118,,bid_ask,exit,pumped far above range,,5.083333333333333,,69
meridian,4YptT2ruu7j2Qu7NCTCNmqBWh7gt6SEqVxka6JX35a3C,E1sbBLMh7JA8fufAAorNTbe5aME9Y866gUBfD9bKgdKy,CLANKER-SOL,2026-09-06T15:41:07+00:00,2026-09-06T15:43:03+00:00,0.49999996500000005,0.49999866099999996,0.0000011659999999999985,-0.00000013800000009389635,-0.010379226427765786,,bid_ask,exit,pumped far above range,,1.9333333333333333,,69
meridian,7rdZ44hQq4CT4j5kXpdHspqpViw74yYPcn25CQ9mYjjW,6xBKq4zHKwe4u19CZfm6cyqBoFojsc1yUNB8dZMHbqb,SOLCAT-SOL,2026-09-06T16:00:15+00:00,2026-09-06T16:16:48+00:00,0.499999981,0.4922893537808652,0.008522207,0.0008115797808652125,0.13303160592768393,,bid_ask,exit,Trailing TP: peak 1.33% → current 0.53% (dropped 0.80% >= 0.6%),,16.55,,36
meridian,7DG4Gp9ZSTPdfNcuqfvbMXWvtpw4o2V2WGK9Yt8zX3RX,6fTztHYyqE7HYLrdrJtGd7N44FAS6yLv7jMcuWyB8uen,BOT-SOL,2026-09-06T15:45:10+00:00,2026-09-06T16:36:27+00:00,0.499999981,0.499994155762433,0.00027972121696661197,0.00027389597939964094,0.15306755464007438,,bid_ask,exit,Trailing TP: peak 2.92% → current 0.27% (dropped 2.65% >= 0.6%),,51.28333333333333,,36
meridian,GjW91keWhGFR8P5tPtgTa8uPCYUjsdHVzzEnJxGzhqWo,9aXA6qqqXueA6Eq9WPRgas4wQgjPCEspzutbaS3UZkXT,CLANKER-SOL,2026-09-06T16:32:18+00:00,2026-09-06T16:36:53+00:00,0.49999996999999996,0.49999768200000005,0.0000020619999999999965,-0.00000022599999988104358,0.042578545506565035,,bid_ask,exit,Trailing TP: peak 2.71% → current 0.10% (dropped 2.61% >= 0.6%),,4.583333333333333,,65
meridian,EC5JNxEMdKZdLY3oDXSBzbWWiEF53329gJp88Q669T2o,6fTztHYyqE7HYLrdrJtGd7N44FAS6yLv7jMcuWyB8uen,BOT-SOL,2026-09-06T16:51:49+00:00,2026-09-06T17:00:07+00:00,0.49999998100000004,0.49999998100000004,0.000008390898437477544,0.000008390898437460326,-0.01680492117149157,,bid_ask,exit,Out of range for 5m (limit: 5m),,8.3,,36
meridian,EZwHHuWee8wnZF1vSxN5ofoLFjGykmW61GBfXjoZRRGg,3T6pPCvChxMWvGavkyNSFN7UyiMeUwV3NbHHTybPogFC,BUTTHOLE-SOL,2026-09-06T17:03:27+00:00,2026-09-06T17:08:57+00:00,0.499999972,0.499999941,0.000000008999999999998663,-0.00000002199999998842017,-0.08040048037034353,,bid_ask,exit,Out of range for 5m (limit: 5m),,5.5,,55
meridian,E7rzpGKLYoL6gncFmntSaN8oiqCiGzD9narKRFy2JatM,Ekm4LYkihEdQgZx2UReDMJ3eCDDjExPQLG94WfWmfyWr,OTC-SOL,2026-09-06T17:15:08+00:00,2026-09-06T17:20:57+00:00,0.49999998100000004,0.499982298,0.000015486999999999996,-0.000002196000000065368,0.04079817506075045,,bid_ask,exit,Out of range for 5m (limit: 5m),,5.816666666666666,,38
meridian,3NRf2bTx1nBqWDd6GWbgEUu1sSU55LNHrbpKRjDgsqE6,68C62WPYiiNZxprbuaMj2ULXpiTDKcs5xsX7kBGnyajR,MANLET-SOL,2026-09-06T17:40:32+00:00,2026-09-06T18:01:11+00:00,0.499999986,0.4793112337992971,0.022977125669864706,0.0022883734691618307,0.2903757877179345,,bid_ask,exit,Trailing TP: peak 1.61% → current -0.57% (dropped 2.18% >= 0.6%),,20.65,,35
meridian,5bVZotDMgkRQVY8sy4fwD8f471jZwAXF9R2gr2GMQjDL,5A15QUc6kMxw9dsVpVUv6ZdTTBeyWBN2scyy1MEQJFQs,GTA6-SOL,2026-09-06T18:10:23+00:00,2026-09-06T18:15:44+00:00,0.499999965,0.49999965799999996,0.0000002759999999999948,-0.000000031000000011438544,-0.08263533536949552,,bid_ask,exit,Out of range for 5m (limit: 5m),,5.35,,69
meridian,HtUPtKqLWpYNPCSYZhnKKbV9zE8KKruqjXhnaBy642CR,5pjRzUQan6bYynQERLK499fq48LiD5ryZrf9adZX1HQo,Jimothy-SOL,2026-09-06T18:17:22+00:00,2026-09-06T18:27:23+00:00,0.499999986,0.49999995099999994,0,-0.00000003500000006484427,0.001996338378695839,,bid_ask,exit,Out of range for 5m (limit: 5m),,10.016666666666667,,35
meridian,2t3r36QZzsFhpWUDyKbiREFzVuhEzuguyzmTVCtXwc1Y,6xBKq4zHKwe4u19CZfm6cyqBoFojsc1yUNB8dZMHbqb,SOLCAT-SOL,2026-09-06T17:35:16+00:00,2026-09-06T18:29:15+00:00,0.499999974,0.4965202982194695,0.005426589000000001,0.0019469132194695482,0.42526142969991554,,bid_ask,exit,Trailing TP: peak 3.01% → current 0.64% (dropped 2.37% >= 0.6%),,53.983333333333334,,50
meridian,9uHePYP3iufG8jeUdxKzFKsFV3vgPSchpo2uQEtzEJ8c,EZyszDEx1LZDt7TsSFV8xdPi49sDKC3mdfv2MVMEQLtU,ANTHROPIC-SOL,2026-09-06T19:05:13+00:00,2026-09-06T19:22:29+00:00,0.49999998599999995,0.499999584,0.000011395854755170992,0.00001099385475522574,-0.18865679550545167,,bid_ask,exit,Out of range for 5m (limit: 5m),,17.266666666666666,,35
meridian,EZnpBRYubEQVatt2TwMjcwQrsQW49uyikyLgJULTFgMU,953MwRPrSjhY6FzjaiGLcEMTKbiXmdfrx6oCs2dx4oAy,FRIES-SOL,2026-09-06T19:37:14+00:00,2026-09-06T19:49:24+00:00,0.499999971,0.49999754199999996,0.0026710700000000006,0.002668641000000027,0.2269846253887593,,bid_ask,exit,pumped far above range,,12.166666666666666,,58
meridian,C4yBpSfxjekTKhy4tyDdob9VvgMa4ofa3ozEyWt41Vp3,953MwRPrSjhY6FzjaiGLcEMTKbiXmdfrx6oCs2dx4oAy,FRIES-SOL,2026-09-06T19:52:02+00:00,2026-09-06T19:54:00+00:00,0.49999996499999994,0.49999859300000005,0.000015952999999999998,0.000014581000000124522,-0.02025995182521001,,bid_ask,exit,pumped far above range,,1.9666666666666666,,69
meridian,5rGP714WYu4DWWWyKFHWFoX8rRtAwUesLbhKfg2rZJ19,953MwRPrSjhY6FzjaiGLcEMTKbiXmdfrx6oCs2dx4oAy,FRIES-SOL,2026-09-06T20:23:52+00:00,2026-09-06T20:51:29+00:00,0.499999965,0.4841872558590739,0.014837175000000001,-0.0009755341409261042,-0.023102238670652753,,bid_ask,exit,Trailing TP: peak 1.25% → current -0.27% (dropped 1.52% >= 0.6%),,27.616666666666667,,69
meridian,Gm7gdHLi64moq5KXNfZ4EtQkPiBqb3SAMTaYbMXCWr4L,ErwEeF8y8uLR7LkJcL3xRUuN1d8SrMLZJB92Ydq8vfdw,DOGE-1-SOL,2026-09-06T18:41:36+00:00,2026-09-06T21:15:26+00:00,0.499999981,0.500039104,0.008174943671907745,0.008214066671907716,0.6656918574534743,,bid_ask,exit,Out of range for 5m (limit: 5m),,153.83333333333334,,36
meridian,AdQa3SzdB55Kkd9ibF6WZeU6nEsb4TBAzfp1uWK7ifi8,5Hm18bAMV77YtjA1T1hc31Mpk2BcXay9YtkR5kkZW8AT,TAO-SOL,2026-09-06T20:59:23+00:00,2026-09-06T21:21:15+00:00,0.499999971,0.49999922900000004,0.000012236827452084574,0.000011494827452163126,0.24225311447837328,,bid_ask,exit,Out of range for 5m (limit: 5m),,21.866666666666667,,54
meridian,2f2oB7AbitBxUewUdzp2y72EVr8ADNaR7BtKULpj2YYD,CoqYNCGKpiGgLJJ6DntdbcvKmqTZBrxdvQDrxDCfb9GH,OPENAI-SOL,2026-09-06T22:22:37+00:00,2026-09-06T23:07:44+00:00,0.49999997700000004,0.49999940800000003,0.00016268551066138842,0.000162116510661392,0.40587290205965587,,bid_ask,exit,Out of range for 5m (limit: 5m),,45.11666666666667,,44
meridian,8atPDkG6erhUrXsuGx4uKqatTNgk2F7R9arntkksghT9,64BSmy7BESiHnWYzLdPso6FuXymh7H8jTkaiyfbBg1YD,MINI-SOL,2026-09-06T21:45:12+00:00,2026-09-06T23:56:38+00:00,0.49999997,0.4506045261547005,0.012544483118767867,-0.036850960726531656,-3.837885270685902,,bid_ask,exit,Stop loss: PnL -9.24% <= -8%,,131.43333333333334,,60
meridian,9ST7isZYsCjwgPwr1g7qw4DXYGUGVM4Z68qBhQf6Z7H6,ErwEeF8y8uLR7LkJcL3xRUuN1d8SrMLZJB92Ydq8vfdw,DOGE-1-SOL,2026-09-07T00:10:29+00:00,2026-09-07T00:22:42+00:00,0.499999975,0.49999233299999996,0.000009697374714676436,0.000002055374714593494,-0.14880008306748493,,bid_ask,exit,Out of range for 5m (limit: 5m),,12.216666666666667,,49
meridian,9pUWgE8HPQV9rtV9VuMXqDaSdwFKD9SrXPFm5PLRNnoR,3vnFSkGU2foSKWsbH5pEJ6HFstugb5YBELkRGgUdJAeA,NASDUCK-SOL,2026-09-07T01:20:49+00:00,2026-09-07T01:24:27+00:00,0.49999996999999996,0.500001218,0.002944194846734173,0.0029454428467341476,0.2960634228091479,,bid_ask,exit,pumped far above range,,3.6333333333333333,,69
meridian,DUkaoBPRY68p2jkKNd8ZfTjTTDT6TvzxkUucqCDhKP11,3vnFSkGU2foSKWsbH5pEJ6HFstugb5YBELkRGgUdJAeA,NASDUCK-SOL,2026-09-07T01:28:25+00:00,2026-09-07T01:32:01+00:00,0.49999996599999996,0.500000862,0.0015206019038197646,0.001521497903819835,0.20775840021270398,,bid_ask,exit,pumped far above range,,3.6,,69
meridian,9U4nsqdtSP2mYuSyTsnELyUfRyWyLhjr21ieb67ZFQ9g,3vnFSkGU2foSKWsbH5pEJ6HFstugb5YBELkRGgUdJAeA,NASDUCK-SOL,2026-09-07T01:35:42+00:00,2026-09-07T01:36:20+00:00,0.49999996500000005,0.49999576,0.000045579730436073915,0.00004137473043602791,-0.007629179594054847,,bid_ask,exit,pumped far above range,,0.6333333333333333,,69
meridian,FmtHb3Bdm44EsVAWsgEHHtd5tfNGCsGJ7qhthJtLUqUQ,8e7QE8XgQ3js91srQP2SDViUPkhHdcHdMRXNztoRXq4g,Token-SOL,2026-09-07T01:15:13+00:00,2026-09-07T02:15:25+00:00,0.49999992,0.49977331852862145,0.0002204094197962525,-0.000006192051582309954,-0.2393243398528213,,bid_ask,exit,Low yield: fee/TVL 1.09% < min 7% (age: 60m),,60.2,,83
meridian,73DYmRPfkGkxJ2iQFamSgBcvR9eLNvhSFtccaHo7sgqX,EWBCL4hKY6VdzZVcCY7pMPvRhG78koHY6nQnt8EW99Br,LMAO!-SOL,2026-09-07T04:14:56+00:00,2026-09-07T04:24:04+00:00,0.49999998599999995,0.499994382,0.000028448042953801773,0.000022844042953829025,0.13419298159077186,,bid_ask,exit,Out of range for 5m (limit: 5m),,9.133333333333333,,52
meridian,St9YPiofbJexsM4n6Zj9qPBBzBBhA3cvahqTtbKE8w6,5Vo1BAJ888m3Mn5dVxLNXtCkdmxVN6RDNDocMHM75yG,FROGE-SOL,2026-09-07T03:50:10+00:00,2026-09-07T04:50:19+00:00,0.499999986,0.49812313966916927,0.001366812656569278,-0.0005100336742614453,0.00718914255765668,,bid_ask,exit,Low yield: fee/TVL 6.23% < min 7% (age: 60m),,60.15,,52
meridian,33G11YD7khLyr1tpfrZLQz3US7bnc6hiEXkzy89HButk,9aXA6qqqXueA6Eq9WPRgas4wQgjPCEspzutbaS3UZkXT,CLANKER-SOL,2026-09-07T04:45:12+00:00,2026-09-07T04:52:34+00:00,0.49999997699999993,0.499989558,0.000364163,0.0003537440000000447,0.01597311127854084,,bid_ask,exit,Out of range for 5m (limit: 5m),,7.366666666666666,,45
meridian,26jdV5rwhY6CKAHEa2F7gABK46jCKoWj52cGK1R8K4YY,8LZK8W9Pp6GrMKCoTALS3AZ6eAX62uKv8bHPY57iXZkL,OTC-SOL,2026-09-07T06:15:10+00:00,2026-09-07T06:41:08+00:00,0.49999996900000004,0.49999461,0.00014295147695525458,0.00013759247695516175,-0.16361556998958093,,bid_ask,exit,Out of range for 5m (limit: 5m),,25.966666666666665,,62
meridian,d78QPcjkTJppWnvgJii6aGm3AfbTtv3gXvECbXH4NkF,68C62WPYiiNZxprbuaMj2ULXpiTDKcs5xsX7kBGnyajR,MANLET-SOL,2026-09-07T06:51:26+00:00,2026-09-07T06:58:57+00:00,0.499999986,0.499990722,0.0000488881723726254,0.00003962417237263205,0.011752121098943746,,bid_ask,exit,Out of range for 5m (limit: 5m),,7.516666666666667,,35
meridian,A6t7dVsje5J16QiPH1q1ExxvuVWSVr7hjy2Tqf9UqtaE,BqSLHcJfEAFU2KvXSuAd7CTvKof29GoXfK4QdatMGYT,CatGPT-SOL,2026-09-07T06:45:13+00:00,2026-09-07T07:03:09+00:00,0.499999965,0.500004499,0.0058016029828475025,0.005806136982847487,0.6564052611346796,,bid_ask,exit,pumped far above range,,17.933333333333334,,69
meridian,FYn9zatCcQgNUY1KvxiJ5FqVZuyq3jrcbqpCc9SSgdhw,BqSLHcJfEAFU2KvXSuAd7CTvKof29GoXfK4QdatMGYT,CatGPT-SOL,2026-09-07T07:11:05+00:00,2026-09-07T07:42:48+00:00,0.49999996500000005,0.500005954,0.007933709891608647,0.00793969889160867,0.22440276480073607,,bid_ask,exit,Out of range for 5m (limit: 5m),,31.716666666666665,,69
meridian,Dx8KGCjMf3Sipp42wTu1Xun9CUeBWFvMdJEp2ZDBrNsU,ARqHS4dXM989rYBjDKzx249yqBXQtdrUioemyoGEnAnk,biketyson-SOL,2026-09-07T07:25:13+00:00,2026-09-07T08:03:03+00:00,0.499999975,0.4999844789999999,0.000619196,0.0006036999999999293,-0.14134250767387613,,bid_ask,exit,Out of range for 5m (limit: 5m),,37.833333333333336,,49
meridian,7k4GJvjhoVSo89LszpWj5npoxdEQEqNhGWVNrgXpJrAn,BqSLHcJfEAFU2KvXSuAd7CTvKof29GoXfK4QdatMGYT,CatGPT-SOL,2026-09-07T07:43:40+00:00,2026-09-07T08:03:30+00:00,0.499999982,0.48676677878681546,0.010331687070953837,-0.00290151614223072,-0.20208722300379378,,bid_ask,exit,Trailing TP: peak 1.53% → current -0.58% (dropped 2.11% >= 0.6%),,19.833333333333332,,35
meridian,3ajCfTiKAgRw9izeWgoKv5w5KbztgB2t7VXkDAJTA5cY,6xBKq4zHKwe4u19CZfm6cyqBoFojsc1yUNB8dZMHbqb,SOLCAT-SOL,2026-09-07T08:15:14+00:00,2026-09-07T08:22:25+00:00,0.499999975,0.4999921180000001,0.000006562999999999993,-0.000001293999999874007,0.00046466658398003347,,bid_ask,exit,Out of range for 5m (limit: 5m),,7.183333333333334,,49
meridian,DscSpocDJ2NsoVuWG6fmkjFwoNLYVfAU1kyRdnRb67vE,CNU1FQNdm2RXUotU8sw7HttcN5WsXVfsn28c8NDEvEN7,67-SOL,2026-09-07T09:10:09+00:00,2026-09-07T09:20:42+00:00,0.49999997500000004,0.49999614200000003,0.000005293825836380853,0.0000014608258364079418,0.0634818617874231,,bid_ask,exit,Out of range for 5m (limit: 5m),,10.55,,49
meridian,DDi8XPXdoE99tKbrhiSWqG6btVcyKdJu8GmrqF5C3H1K,3T6pPCvChxMWvGavkyNSFN7UyiMeUwV3NbHHTybPogFC,BUTTHOLE-SOL,2026-09-07T10:05:13+00:00,2026-09-07T10:45:05+00:00,0.499999986,0.49998550700000005,0.0000956722522642471,0.00008119325226424445,0.0981285914272263,,bid_ask,exit,Out of range for 5m (limit: 5m),,39.86666666666667,,35
meridian,5ydSoFsCxEqMg44Zu6PK2jJKnDaSG4zeoz4xZAE5hPs6,953MwRPrSjhY6FzjaiGLcEMTKbiXmdfrx6oCs2dx4oAy,FRIES-SOL,2026-09-07T10:55:12+00:00,2026-09-07T12:52:18+00:00,0.499999972,0.43683286400874427,0.016107891,-0.04705921699125576,-4.7544248337539585,,bid_ask,exit,Trailing TP: peak 2.49% → current -7.36% (dropped 9.85% >= 0.6%),,117.1,,56
meridian,D1ADXJvfzxo3TS3er8kEfwaagMBhAQWRj5py5bScgjnW,GpDb6iSBYzqESg3D6dyDUWghCEMgLdZKNYZ4rLGVkQYL,NASDUCK-SOL,2026-09-07T13:41:27+00:00,2026-09-07T13:46:03+00:00,0.49999996700000016,0.499999959,0.0007505138994810256,0.0007505058994808911,0.06231349354256821,,bid_ask,exit,pumped far above range,,4.6,,66
meridian,9Bo7jv16rJYLi5UrNpAiZxn3LWAamX47XSqzksAq1poL,GpDb6iSBYzqESg3D6dyDUWghCEMgLdZKNYZ4rLGVkQYL,NASDUCK-SOL,2026-09-07T14:09:12+00:00,2026-09-07T14:09:48+00:00,0.499999965,0.499999958,0,-0.0000000069999999685599334,0.0025306188828722043,,bid_ask,exit,pumped far above range,,0.6,,69
meridian,EzUQVFfK6pxmpNnQ743aKgyMUpnYBXGRJYY7aUyvdQsH,GpDb6iSBYzqESg3D6dyDUWghCEMgLdZKNYZ4rLGVkQYL,NASDUCK-SOL,2026-09-07T14:11:53+00:00,2026-09-07T14:15:23+00:00,0.499999965,0.49999739,0.00015566460890688817,0.00015308960890692003,-0.08300646192699901,,bid_ask,exit,pumped far above range,,3.5,,69
meridian,G6Nyoks3pbEVEQ981SsK5XfMr8S3tMxZXdjMdrrTJraF,GpDb6iSBYzqESg3D6dyDUWghCEMgLdZKNYZ4rLGVkQYL,NASDUCK-SOL,2026-09-07T14:22:02+00:00,2026-09-07T14:24:39+00:00,0.49999996499999994,0.500000015,0.000013856887681250392,0.00001390688768138082,0.010698105305365857,,bid_ask,exit,pumped far above range,,2.6166666666666667,,69
meridian,65fXYeceek26V4XQ9JQi2BdAKwhUF4iGBk7DQ2nK8rgG,GpDb6iSBYzqESg3D6dyDUWghCEMgLdZKNYZ4rLGVkQYL,NASDUCK-SOL,2026-09-07T14:25:16+00:00,2026-09-07T14:35:14+00:00,0.49999700399999997,0.4999966684426703,0.000014976063826811285,0.000014640506497187733,-0.06204043557305283,,bid_ask,exit,Out of range for 5m (limit: 5m),,9.966666666666667,,77
meridian,BQGSMGs1yLNJg7oF9eMX4RKj4tJZK4JqJKUhV1bJjNCS,64BSmy7BESiHnWYzLdPso6FuXymh7H8jTkaiyfbBg1YD,MINI-SOL,2026-09-07T15:32:21+00:00,2026-09-07T15:37:46+00:00,0.499999972,0.499999972,0,0,-0.14347574594521717,,bid_ask,exit,Out of range for 5m (limit: 5m),,5.416666666666667,,58
meridian,59DzScBmNcJtvEGAvFCysYXKHE7aW87r35zkoduZqzjc,8e7QE8XgQ3js91srQP2SDViUPkhHdcHdMRXNztoRXq4g,Token-SOL,2026-09-07T15:50:24+00:00,2026-09-07T16:30:16+00:00,0.49999998600000006,0.49997947499999995,0.0005742343669820765,0.0005537233669820063,0.09868742532865582,,bid_ask,exit,Out of range for 5m (limit: 5m),,39.86666666666667,,35
meridian,8VFxNztLeeFQ2jqemdcuvjp7YKMjYTehFWKgQa2Ss5K7,5A15QUc6kMxw9dsVpVUv6ZdTTBeyWBN2scyy1MEQJFQs,GTA6-SOL,2026-09-07T15:50:24+00:00,2026-09-07T16:50:34+00:00,0.49999998600000006,0.4995771216905062,0.0005207067186646819,0.0000978424091708785,0.1981763197103632,,bid_ask,exit,Low yield: fee/TVL 2.62% < min 7% (age: 60m),,60.166666666666664,,35
meridian,Cz9c9XC5Muw8CMnxoNyAwb4DA1kMehSAZnDPYSBc79wA,6ntYkjkwdFLojVudeUcMMj6UQDw38GfHi2NfpChzFAix,HONTER-SOL,2026-09-07T16:55:20+00:00,2026-09-07T17:05:37+00:00,0.49999998599999995,0.48172118595666275,0.014662003,-0.0036167970433372276,-0.328552932367252,,bid_ask,exit,Trailing TP: peak 2.47% → current -0.87% (dropped 3.34% >= 0.6%),,10.283333333333333,,35
meridian,FrvL3KnbkphEJhnTHShDqUdkhf2G4mqWaweFceCNy6GJ,DchDNJc71s11WaHzJRjzW4qG6qbYC8ySzbBMcFmnAThk,BULLSHIT-SOL,2026-09-07T16:55:20+00:00,2026-09-07T17:13:04+00:00,0.49999998599999995,0.499994993,0.000014581185240955496,0.00000958818524099403,0.09380926257495759,,bid_ask,exit,Out of range for 5m (limit: 5m),,17.733333333333334,,35
meridian,F4d34f7uM6NptTDQKaALhgiGX2VmbYc2oUKLGxcvjRTx,6ntYkjkwdFLojVudeUcMMj6UQDw38GfHi2NfpChzFAix,HONTER-SOL,2026-09-07T17:17:40+00:00,2026-09-07T17:23:34+00:00,0.499999965,0.49999227499999993,0.00017860799999999997,0.00017091799999990887,0.036477222071177096,,bid_ask,exit,pumped far above range,,5.9,,69
meridian,ENd3X99VTjtp7fRCfyS8moDNPs9Vm14HatCegTfVMoR3,F8QDZC3b5QgQoKgTBGf8J3gqthnxgxSQgVZBzCZw5hoz,PUMPCAT-SOL,2026-09-07T17:24:17+00:00,2026-09-07T17:25:32+00:00,0.49999996500000005,0.49999811999999993,0.00002023037973910918,0.000018385379739027652,-0.011916876433637924,,bid_ask,exit,pumped far above range,,1.25,,69
meridian,8K7P9bb5E2aZ4f2NhNM4umqbjS8VFxBj3y1kqUBJ5TLR,9aXA6qqqXueA6Eq9WPRgas4wQgjPCEspzutbaS3UZkXT,CLANKER-SOL,2026-09-07T17:40:23+00:00,2026-09-07T17:47:56+00:00,0.49999996899999993,0.499997873,0.0000020219999999999927,-0.00000007399999996104967,0.09440589294154478,,bid_ask,exit,Out of range for 5m (limit: 5m),,7.55,,62
meridian,F4sjDVxgLGCpADCe8NS895L25J9jLhvY2fPyXov46gVp,F8QDZC3b5QgQoKgTBGf8J3gqthnxgxSQgVZBzCZw5hoz,PUMPCAT-SOL,2026-09-07T17:55:13+00:00,2026-09-07T18:25:13+00:00,0.499998555,0.4936357578611683,0.00871924227096588,0.0023564451321341773,0.18998146662368498,,bid_ask,exit,Trailing TP: peak 1.31% → current 0.01% (dropped 1.30% >= 0.6%),,30.0,,104
meridian,DsinpMf3p8cws5t5Kx1FsZ8Kn6p3oXQmegbVq3zW87Vt,F8QDZC3b5QgQoKgTBGf8J3gqthnxgxSQgVZBzCZw5hoz,PUMPCAT-SOL,2026-09-07T18:32:08+00:00,2026-09-07T18:40:15+00:00,0.4999999650000001,0.499993254,0.00038061949425456106,0.00037390849425444905,0.04388336590402275,,bid_ask,exit,Out of range for 5m (limit: 5m),,8.116666666666667,,69
meridian,AeB4E1QJP3cc1bNdviDsfrEfoae9Ndwcr7CbkbqqZu3k,6ntYkjkwdFLojVudeUcMMj6UQDw38GfHi2NfpChzFAix,HONTER-SOL,2026-09-07T18:50:21+00:00,2026-09-07T19:00:43+00:00,0.499996215,0.4999939689999999,0.00017151799999999998,0.00016927199999994258,0.03658543552649718,,bid_ask,exit,Out of range for 5m (limit: 5m),,10.366666666666667,,88
meridian,E4cTW7hUGbcqdJnok97ZMPJxKo9u9yxRPHkcbqUQkxR,68C62WPYiiNZxprbuaMj2ULXpiTDKcs5xsX7kBGnyajR,MANLET-SOL,2026-09-07T19:20:13+00:00,2026-09-07T19:25:34+00:00,0.49999998100000015,0.499997646,0.000002577999999999992,0.00000024299999984433995,0.06643504334868311,,bid_ask,exit,Out of range for 5m (limit: 5m),,5.35,,36
meridian,B2ttFD6nv9Rn35P2LnHU7RDH785kwRxEJ6nLK2GZpsT4,5Vo1BAJ888m3Mn5dVxLNXtCkdmxVN6RDNDocMHM75yG,FROGE-SOL,2026-09-07T19:50:11+00:00,2026-09-07T20:05:25+00:00,0.499999966,0.49999992099999996,0.00011565188143093614,0.00011560688143091857,0.0353766921379588,,bid_ask,exit,Out of range for 5m (limit: 5m),,15.233333333333333,,67
meridian,4Zjo4raRGXjPfnc3CiqRUTAbtFCH8jjBc8GvG59LVCnQ,BqSLHcJfEAFU2KvXSuAd7CTvKof29GoXfK4QdatMGYT,CatGPT-SOL,2026-09-07T20:11:05+00:00,2026-09-07T20:16:55+00:00,0.499999965,0.4999970590000001,0.0006500227890083401,0.0006471167890084173,0.08519956243590343,,bid_ask,exit,pumped far above range,,5.833333333333333,,69
meridian,EmbuAXTTtG4Nn24ucg7uEwAAaj1HYm3WPXXjoLUFBmCz,A7N89BDRnHTqiHXu8MMymdn34Vopb9sbtzm5gErN65zB,xBTC-SOL,2026-09-07T20:30:20+00:00,2026-09-07T21:30:29+00:00,0.49999997900000004,0.4999949049570801,0.00017703410518597537,0.0001719600622660522,0.028788588246136726,,bid_ask,exit,Low yield: fee/TVL 0.91% < min 7% (age: 60m),,60.15,,42
meridian,FAx1yqjnZN8v9gqr2D3QQWDhBvZiracBikEmeaoWQj65,EqsbD725iSoa23kWnQBjiYT9bcWSH8YJ6WCPYwXYoVNR,Pumpcat-SOL,2026-09-07T21:35:15+00:00,2026-09-07T21:47:32+00:00,0.4999995,0.50000878,0.00930992644967373,0.009319206449673823,1.019063953463835,,bid_ask,exit,pumped far above range,,12.283333333333333,,76
meridian,CbhC92wbEcbnQsMYr4zumRjNjrSWj3GpZN8hRk7tRPcC,EWBCL4hKY6VdzZVcCY7pMPvRhG78koHY6nQnt8EW99Br,LMAO!-SOL,2026-09-07T22:10:14+00:00,2026-09-07T23:10:24+00:00,0.499999971,0.49938176482598845,0.0003552363371865457,-0.00026296983682499997,-0.10008542180436564,,bid_ask,exit,Low yield: fee/TVL 1.81% < min 7% (age: 60m),,60.166666666666664,,57
meridian,2Kj2MCddxwsiWzFJ14RVGjGoxdazBL5tfWb8LTAN8Cth,6xBKq4zHKwe4u19CZfm6cyqBoFojsc1yUNB8dZMHbqb,SOLCAT-SOL,2026-09-07T23:25:12+00:00,2026-09-08T01:13:01+00:00,0.499999986,0.500009273,0.004209768,0.004219054999999916,0.5980627414575892,,bid_ask,exit,Out of range for 5m (limit: 5m),,107.81666666666666,,52
meridian,5V8ahmUJFXfmhvHNMhm19CAV8jt6B6AHKPxpDEEZDHdT,5QpDQ6ddkv1ArytJQ991kh8doeXPrt9hHFWK2HmEToDm,FRIES-SOL,2026-09-08T01:25:14+00:00,2026-09-08T03:18:04+00:00,0.499999986,0.500017355,0.0036621270000000003,0.0036794960000000043,-0.19150889668911475,,bid_ask,exit,pumped far above range,,112.83333333333333,,52
meridian,BK1PajkruB9k2ScbunFhEuoQsk1QXNGRB9LUffRdqJXt,63TL5RqBnTeLWK96sk9rUBEBWxmVFcWkDHGNP1vaYz3P,NASDUCK-SOL,2026-09-08T03:25:16+00:00,2026-09-08T04:40:49+00:00,0.499999972,0.4916772389864371,0.010254933009535085,0.0019321999959721614,0.3561022671417362,,bid_ask,exit,Trailing TP: peak 1.45% → current 0.67% (dropped 0.78% >= 0.6%),,75.55,,55
meridian,nxxz3yy5Fg6jT6LuHyiepp4QEDnaxHvBxr6mgZLqvKS,63TL5RqBnTeLWK96sk9rUBEBWxmVFcWkDHGNP1vaYz3P,NASDUCK-SOL,2026-09-08T04:51:23+00:00,2026-09-08T05:20:36+00:00,0.499999986,0.49999774599999997,0.0007774145728381408,0.0007751745728380999,0.13063932128590494,,bid_ask,exit,Out of range for 5m (limit: 5m),,29.216666666666665,,52
meridian,4Az7F26bvfo6FvdYAEujkGDMewFxwVUsnpJ14G2AMF9g,2oRkJR9EuLQSdJDVLg353UTJcL8zbKh1sSQ1Y3bM3xLD,fone-SOL,2026-09-08T05:17:39+00:00,2026-09-08T05:27:26+00:00,0.499999986,0.499981779,0.000014065999999999999,-0.000004141000000013051,0.13638946383578343,,bid_ask,exit,Out of range for 5m (limit: 5m),,9.783333333333333,,35
meridian,Gxo5QyzY87X1qmknnQESUEdhEkGS9bdMY8PkFNSkGm6r,piAsMQ549AVA7bxdD3bH9ZH8ztrQJWCR6vpUARLYxJk,HeeHaw-SOL,2026-09-08T05:23:52+00:00,2026-09-08T05:37:05+00:00,0.499999975,0.4999911840000001,0.0001194774446091832,0.0001106864446092648,-0.10921944863464006,,bid_ask,exit,Out of range for 5m (limit: 5m),,13.216666666666667,,49
meridian,BwChJVvgNaAaX3DWL3wSMM6u6LyLjJHJpMWHrLPWhfkw,63TL5RqBnTeLWK96sk9rUBEBWxmVFcWkDHGNP1vaYz3P,NASDUCK-SOL,2026-09-08T05:45:09+00:00,2026-09-08T07:07:18+00:00,0.499999975,0.499999303,0.0032198967595686114,0.0032192247595686507,0.18830457375879917,,bid_ask,exit,Out of range for 5m (limit: 5m),,82.15,,49
meridian,Bbk8dUZmka57tmn2XrQwWnjbW2zxfdYCJhjnqgdMBeRz,CoqYNCGKpiGgLJJ6DntdbcvKmqTZBrxdvQDrxDCfb9GH,OPENAI-SOL,2026-09-08T07:05:10+00:00,2026-09-08T07:47:26+00:00,0.4999999769999999,0.49999993100000006,0.000032363933012556905,0.00003231793301272656,0.06330487293964637,,bid_ask,exit,Out of range for 5m (limit: 5m),,42.266666666666666,,44
meridian,C6UPmqNbgDTHjQXBfznFXjnzMTNtz2c95YAJiXHvGkWj,88zowTEupUxc85pjhLgzwiWYomAJyfy5p5i2XX4dDmfi,GPRO-SOL,2026-09-08T08:00:13+00:00,2026-09-08T09:00:26+00:00,0.499999975,0.4999880689108612,0.00003875031945813232,0.00002684423031934502,0.07079504212064336,,bid_ask,exit,Low yield: fee/TVL 0.19% < min 7% (age: 60m),,60.21666666666667,,49
meridian,CxuF7ML71r9GdUJ9XWZ6XSQgrmj6poa2SE5Ny772EMsF,BqSLHcJfEAFU2KvXSuAd7CTvKof29GoXfK4QdatMGYT,CatGPT-SOL,2026-09-08T08:20:25+00:00,2026-09-08T09:18:26+00:00,0.49999996500000005,0.49999644900000006,0.001979070284742457,0.0019755542847424423,0.4969206518660485,,bid_ask,exit,Out of range for 5m (limit: 5m),,58.016666666666666,,69
meridian,Hh8cqgEE9Mv2pbSSsmyWhECNQJPqBs1Coz2sTiZExgHs,9aXA6qqqXueA6Eq9WPRgas4wQgjPCEspzutbaS3UZkXT,CLANKER-SOL,2026-09-08T09:35:16+00:00,2026-09-08T09:37:23+00:00,0.4999982999999999,0.4999944949999999,0.000003352999999999998,-0.00000045199999998413176,0.07069659054663902,,bid_ask,exit,pumped far above range,,2.1166666666666667,,74
meridian,FimzCUaCTB8RHU4F2nZ8Co9jXkYs6FJQgtig6hwH2fS7,3T6pPCvChxMWvGavkyNSFN7UyiMeUwV3NbHHTybPogFC,BUTTHOLE-SOL,2026-09-08T09:40:22+00:00,2026-09-08T10:07:56+00:00,0.499999975,0.49999995399999997,0.00000001699999999999672,-0.000000003999999997894577,0.062362117832513775,,bid_ask,exit,Out of range for 5m (limit: 5m),,27.566666666666666,,49
meridian,6cGBMx9RbE5o1vUsrLeeENWSZDPQ9y5gmQPvHHPYkLaV,EqsbD725iSoa23kWnQBjiYT9bcWSH8YJ6WCPYwXYoVNR,Pumpcat-SOL,2026-09-08T10:20:16+00:00,2026-09-08T10:58:59+00:00,0.499999975,0.499996033,0.0011074839079007704,0.0011035419079007958,-0.13527505898870373,,bid_ask,exit,pumped far above range,,38.71666666666667,,49
meridian,B2xJ7gj1GHeoao33wUNKMa2vhuB8Kv9sNXnea2VTFt8n,59JAiAHiQKuCGAG3BxSgqf3W1tBjGq8dQcE6C4JQG2AR,MINI-SOL,2026-09-08T11:20:25+00:00,2026-09-08T11:32:58+00:00,0.49999998399999995,0.49999372400000003,0.000005538999999999998,-0.0000007209999999258088,0.041097210197932554,,bid_ask,exit,Out of range for 5m (limit: 5m),,12.55,,43
meridian,AHGYBQ2RfQQqymxCy5bS1Q96vr3BNzqGtz9J2EfkdzTK,68C62WPYiiNZxprbuaMj2ULXpiTDKcs5xsX7kBGnyajR,MANLET-SOL,2026-09-08T12:25:15+00:00,2026-09-08T12:34:49+00:00,0.499999986,0.49999630800000006,0.00001399882473423325,0.000010320824734233458,0.14001503487964584,,bid_ask,exit,Out of range for 5m (limit: 5m),,9.566666666666666,,35
meridian,8o653XDjC1tGS9jj4vavqT87eHa84pArmLCPNYo12gYM,DchDNJc71s11WaHzJRjzW4qG6qbYC8ySzbBMcFmnAThk,BULLSHIT-SOL,2026-09-08T12:55:19+00:00,2026-09-08T12:57:20+00:00,0.49999997999999996,0.499997824,0.0000019149999999999923,-0.00000024099999995641497,-0.08748405816734817,,bid_ask,exit,pumped far above range,,2.0166666666666666,,39
meridian,6zL1n5PBf3PyiSCqMczNDfSs7pj9f5bTsbAnaMNEyPMk,ErwEeF8y8uLR7LkJcL3xRUuN1d8SrMLZJB92Ydq8vfdw,DOGE-1-SOL,2026-09-08T12:40:17+00:00,2026-09-08T13:40:26+00:00,0.49999996500000005,0.49999738694958107,0.000392449523643411,0.0003898714732243902,-0.44624560547790537,,bid_ask,exit,Low yield: fee/TVL 1.96% < min 7% (age: 60m),,60.15,,69
meridian,6dWqRNBBgxcxkAnkfX7v3wFi8dnGoJFqdvWjZpXM984N,6xBKq4zHKwe4u19CZfm6cyqBoFojsc1yUNB8dZMHbqb,SOLCAT-SOL,2026-09-08T14:25:12+00:00,2026-09-08T14:32:11+00:00,0.499999972,0.499999721,0.0000002259999999999969,-0.00000002500000001459668,-0.05975381972757532,,bid_ask,exit,Out of range for 5m (limit: 5m),,6.983333333333333,,55
meridian,BxMa7z84FPJFZWvmVKLTsW6ji1BysMRR6U3UGftxefC8,8UXnkXDt3rtLnVh1S5MqCUgx7pEm6udh7tKTjVT5rtKQ,JUST-SOL,2026-09-08T15:10:21+00:00,2026-09-08T15:18:20+00:00,0.49999996500000005,0.500000001,0.0015031431453852615,0.0015031791453851695,0.2157182581912167,,bid_ask,exit,pumped far above range,,7.983333333333333,,69
meridian,E9EoHxCd6siUbMeUrW2GphQX2tAq1JRbdMhFNiPTsNQk,8UXnkXDt3rtLnVh1S5MqCUgx7pEm6udh7tKTjVT5rtKQ,JUST-SOL,2026-09-08T15:19:09+00:00,2026-09-08T15:36:57+00:00,0.49999996499999994,0.4375656765891728,0.020283617313058982,-0.042150671097768155,-4.368991744978182,,bid_ask,exit,Stop loss: PnL -10.82% <= -8%,,17.8,,69
meridian,3MDKBbtmSHLQoV8bcwiSJKhNxFgQAdBLL5BASe1Yy9ZU,Gp2QRRhPJbCQGtWQrTfKMzgSF56SaWgUJJpu9HjGeb6p,NKE-SOL,2026-09-08T15:05:16+00:00,2026-09-08T16:05:24+00:00,0.499999975,0.49998478937383006,0.000070973,0.000055787373830107345,0.4407910391354477,,bid_ask,exit,Low yield: fee/TVL 0.33% < min 7% (age: 60m),,60.13333333333333,,49
meridian,E1doagts7YB6Ksh8daEBHsvK5pApRtQh6uQjXVzNY158,6ntYkjkwdFLojVudeUcMMj6UQDw38GfHi2NfpChzFAix,HONTER-SOL,2026-09-08T16:10:53+00:00,2026-09-08T16:19:04+00:00,0.49999998599999995,0.499986714,0.000011675999999999998,-0.0000015959999999370922,-0.09755164537869376,,bid_ask,exit,Out of range for 5m (limit: 5m),,8.183333333333334,,35
meridian,8EL2Wkg3UBwNtDKNuX18mr1R63ALwo2wAaiBfCWDA1pe,FxPPZGPiTNYzgdMkNgAkA8QRZjNxurjBo7JgPt9z4T5X,MADE-SOL,2026-09-08T16:35:28+00:00,2026-09-08T16:57:12+00:00,0.49999997,0.499999893,0.000004921872267420837,0.000004844872267428801,0.07070181206653103,,bid_ask,exit,Out of range for 5m (limit: 5m),,21.733333333333334,,60
meridian,6WuaDuSdp55zFwiM8vYED5c7jybEJHpkENm2itd3ChoG,64BSmy7BESiHnWYzLdPso6FuXymh7H8jTkaiyfbBg1YD,MINI-SOL,2026-09-08T17:20:19+00:00,2026-09-08T17:27:22+00:00,0.499999986,0.499940036,0.00004993499999999999,-0.000010015000000029861,-0.11470996231135899,,bid_ask,exit,Out of range for 5m (limit: 5m),,7.05,,35
meridian,2wASXvkwsfUMpT53R8KaBTrwA4ZqThxCW7yX1eXUnLWu,3MM2t9waEYHin6LfkwhWeWFkfKe7uKCgUynGXZmFEUkB,PEAQ-SOL,2026-09-08T17:40:20+00:00,2026-09-08T18:37:32+00:00,0.499999981,0.49764451269372467,0.006941611635775859,0.0045861433295005805,0.5532776343168848,,bid_ask,exit,Trailing TP: peak 1.66% → current 1.01% (dropped 0.65% >= 0.6%),,57.2,,36
meridian,6Wi68doJzRamA59fvpqWsG6jLbKTyGtN5eJAcUh9Q6aw,ALmG6Utch8cRejvmYEe5i6GTw2MAoW3uAv3Gnkv17cQV,CRIMECAT-SOL,2026-09-08T18:46:04+00:00,2026-09-08T18:51:51+00:00,0.499999967,0.49034685912510323,0.055387692,0.045734584125103284,4.447556185461266,,bid_ask,exit,take profit,,5.783333333333333,,69
meridian,AneNmXsbqzTeknEQDpyn3tTafteyf2HUtAzQp43AgjXd,ALmG6Utch8cRejvmYEe5i6GTw2MAoW3uAv3Gnkv17cQV,CRIMECAT-SOL,2026-09-08T18:52:35+00:00,2026-09-08T18:55:06+00:00,0.499999986,0.499984205,0.000013866999999999991,-0.0000019139999999917556,0.08427923532768489,,bid_ask,exit,pumped far above range,,2.5166666666666666,,35
meridian,3DoENrVQDrjdePBzDd8AnirB6U2N4MUV5Q9wfUEjQJ7m,ALmG6Utch8cRejvmYEe5i6GTw2MAoW3uAv3Gnkv17cQV,CRIMECAT-SOL,2026-09-08T18:58:33+00:00,2026-09-08T19:02:12+00:00,0.499999965,0.500000132,0.0008612689999999999,0.0008614360000001042,0.14807080846664178,,bid_ask,exit,pumped far above range,,3.65,,69
meridian,2h1GigNKLatrjbtLRWnjEkKg5bnVpNhGXbbzP6vEKhq4,5QpDQ6ddkv1ArytJQ991kh8doeXPrt9hHFWK2HmEToDm,FRIES-SOL,2026-09-08T19:05:16+00:00,2026-09-08T19:27:44+00:00,0.499999976,0.499996561,0.000029542,0.000026127000000042422,-0.17570991914605827,,bid_ask,exit,Out of range for 5m (limit: 5m),,22.466666666666665,,48
meridian,5XTj1wU7SxjKyUNTAZuLKsGfs6t1ggNHBY3itefCdJGQ,64BSmy7BESiHnWYzLdPso6FuXymh7H8jTkaiyfbBg1YD,MINI-SOL,2026-09-08T19:32:45+00:00,2026-09-08T19:48:30+00:00,0.49999997100000004,0.49999899999999997,0.000000833999999999996,-0.00000013700000006666713,-0.1335465309482018,,bid_ask,exit,Out of range for 5m (limit: 5m),,15.75,,57
meridian,3MSF4q26A3rgDPinKT9h7vpydHsHEyoC1uFrcw7vtMPu,R88hawBDy3CTiX7F7woKgMJAXbed7f5H38qR4FB2eav,world-SOL,2026-09-08T20:21:48+00:00,2026-09-08T20:27:52+00:00,0.49999997299999993,0.499995554,0.000003861999999999991,-0.0000005569999999011088,0.028958721891676475,,bid_ask,exit,Out of range for 5m (limit: 5m),,6.066666666666666,,59
meridian,BXtNH1gGYd36MW9Ejmyc1GenUKMkqvmaNxdL1r9ogQdo,3vnFSkGU2foSKWsbH5pEJ6HFstugb5YBELkRGgUdJAeA,NASDUCK-SOL,2026-09-08T19:10:31+00:00,2026-09-08T21:08:38+00:00,0.499999965,0.4404772104119443,0.017991456587038414,-0.041531298001017236,-4.333210995066501,,bid_ask,exit,Stop loss: PnL -8.85% <= -8%,,118.11666666666666,,69
meridian,3k1dCGfMEEg4whcLfFEdqcjMQqV73WccQazebxA3xCrK,2RX1ZogEMsjv1YjMF3m5U1DN7gVCtSLaQHs27F17ECve,WOJAK-SOL,2026-09-08T20:28:44+00:00,2026-09-08T21:28:53+00:00,0.49999998599999995,0.49733857881555066,0.0008449991658211969,-0.0018164080186280906,-0.3512654954464054,,bid_ask,exit,Low yield: fee/TVL 4.36% < min 7% (age: 60m),,60.15,,35
meridian,D46GMUcm3mbcikzkwvjpjEiCBD9pZNM1MAvECszed7ES,nBXytBBfKLhj6teXarAv8rk6WNgUFBMyybUFRkuK7ad,KNOTS-SOL,2026-09-08T22:31:16+00:00,2026-09-08T22:36:45+00:00,0.49999997,0.499999963,0.000000005999999999992116,-0.0000000010000000272292198,-0.003273616845483218,,bid_ask,exit,pumped far above range,,5.483333333333333,,63
meridian,671eXapJ8fFVmxeHhsjRsVv7KX6FVa6kYkm1c2C9HrgY,8e7QE8XgQ3js91srQP2SDViUPkhHdcHdMRXNztoRXq4g,Token-SOL,2026-09-08T22:45:16+00:00,2026-09-08T23:45:26+00:00,0.49999996500000005,0.49996041055493673,0.0000369268207824204,-0.000002627624280882035,0.03798956660418895,,bid_ask,exit,Low yield: fee/TVL 0.19% < min 7% (age: 60m),,60.166666666666664,,69
meridian,Bea6f73TC1AUXML5Qs8uZe4Uqtk7MzTWKNBbVCZJcfK4,nBXytBBfKLhj6teXarAv8rk6WNgUFBMyybUFRkuK7ad,KNOTS-SOL,2026-09-09T00:35:16+00:00,2026-09-09T01:14:52+00:00,0.4999999820000001,0.4978102620491576,0.005301248000000001,0.0031115280491575414,0.4327405921641727,,bid_ask,exit,Trailing TP: peak 1.23% → current 0.52% (dropped 0.71% >= 0.6%),,39.6,,35
meridian,3y4jCByHMAcv3eHBkMJGKLqsSstnJpWLczKJGiaF4hYU,nBXytBBfKLhj6teXarAv8rk6WNgUFBMyybUFRkuK7ad,KNOTS-SOL,2026-09-09T01:25:48+00:00,2026-09-09T01:37:31+00:00,0.499999986,0.499994329,0.000091709,0.00008605200000005864,0.10750081094754904,,bid_ask,exit,Out of range for 5m (limit: 5m),,11.716666666666667,,35
meridian,6a3Mo48aCGnk61V8pWRJRWkJvUBav5kdygKKQRaYg3jS,6fTztHYyqE7HYLrdrJtGd7N44FAS6yLv7jMcuWyB8uen,BOT-SOL,2026-09-09T01:25:48+00:00,2026-09-09T02:25:57+00:00,0.499999986,0.499998400690039,0.00008017267263260176,0.00007858736267157829,0.06586494638256823,,bid_ask,exit,Low yield: fee/TVL 0.40% < min 7% (age: 60m),,60.15,,35
meridian,3rGobLXY9rPyXhbHAFUEtTVpsxgvS5A4tfszQPFaJj9g,3T6pPCvChxMWvGavkyNSFN7UyiMeUwV3NbHHTybPogFC,BUTTHOLE-SOL,2026-09-09T03:10:22+00:00,2026-09-09T03:16:05+00:00,0.499999967,0.499999967,0,0,-0.1256448495610556,,bid_ask,exit,Out of range for 5m (limit: 5m),,5.716666666666667,,66
meridian,E15mbMGaAxBppfNQsz4H9KAv2GQLaFn5LkXWAer317kD,EqsbD725iSoa23kWnQBjiYT9bcWSH8YJ6WCPYwXYoVNR,Pumpcat-SOL,2026-09-09T04:03:07+00:00,2026-09-09T04:13:41+00:00,0.499999981,0.49999564900000004,0.000003817999999999996,-0.0000005139999999514977,-0.11392020590814411,,bid_ask,exit,Out of range for 5m (limit: 5m),,10.566666666666666,,36
meridian,39AeZo4RR2FKApAnsCmUfdKs2Jw6jC1mKozzTfK1fgRD,9aXA6qqqXueA6Eq9WPRgas4wQgjPCEspzutbaS3UZkXT,CLANKER-SOL,2026-09-09T04:50:49+00:00,2026-09-09T07:26:41+00:00,0.49999997099999993,0.47759542449131476,0.020580814,-0.001823732508685172,0.05933481457040557,,bid_ask,exit,Trailing TP: peak 1.39% → current -0.57% (dropped 1.96% >= 0.6%),,155.86666666666667,,57
meridian,E8LuBWFTwxP3S74btqYbaLFraF6vm92iak652ZbNxcEB,953MwRPrSjhY6FzjaiGLcEMTKbiXmdfrx6oCs2dx4oAy,FRIES-SOL,2026-09-09T07:36:48+00:00,2026-09-09T08:36:57+00:00,0.499999977,0.4999692991510006,0.000462553,0.0004318751510006269,0.16123454923091884,,bid_ask,exit,Low yield: fee/TVL 2.33% < min 7% (age: 60m),,60.15,,53
meridian,8LUkQJjrMRUm2eMESfMYp7EvWfEwfX38chw7VXsgeGJw,5LjukK9FDhTo51wp2zkKdAgSk7yg4khr1v9d3HwKFsQJ,PURPS-SOL,2026-09-09T08:56:38+00:00,2026-09-09T09:02:18+00:00,0.499999966,0.499989862,0.000266896,0.0002567920000000057,-0.017102323915352713,,bid_ask,exit,pumped far above range,,5.666666666666667,,67
meridian,GUtJq6mDiVJVWqwViZvc8ajUdarPjWfrzhGvDb1s4AuP,R88hawBDy3CTiX7F7woKgMJAXbed7f5H38qR4FB2eav,world-SOL,2026-09-09T09:35:20+00:00,2026-09-09T09:56:51+00:00,0.49999996999999996,0.499994799,0.000014196835418672306,0.000009025835418730033,-0.32309635746970855,,bid_ask,exit,Out of range for 5m (limit: 5m),,21.516666666666666,,65
meridian,8CJMj1gq1ntHHhT37E2jsFeQWkVjBmAjrwYFhDnsZDCF,63TL5RqBnTeLWK96sk9rUBEBWxmVFcWkDHGNP1vaYz3P,NASDUCK-SOL,2026-09-09T10:00:24+00:00,2026-09-09T10:09:21+00:00,0.49999998599999995,0.49999997,0.000000013999999999992519,-0.000000001999999943436137,0.09446486665574838,,bid_ask,exit,Out of range for 5m (limit: 5m),,8.95,,35
meridian,2c81TqspdifHSQojfFBx1P9PF3BWmtM6y4nyaJxaM3P7,ALmG6Utch8cRejvmYEe5i6GTw2MAoW3uAv3Gnkv17cQV,CRIMECAT-SOL,2026-09-09T11:00:13+00:00,2026-09-09T11:05:32+00:00,0.49999997000000007,0.49999343500000004,0.000005725999999999997,-0.0000008090000000460229,-0.20449590536458828,,bid_ask,exit,Out of range for 5m (limit: 5m),,5.316666666666666,,63
meridian,3W9DbdU1ey9wbi8GQWRioyXtUReNE4QVdXeW6jwam8PH,6xBKq4zHKwe4u19CZfm6cyqBoFojsc1yUNB8dZMHbqb,SOLCAT-SOL,2026-09-09T11:15:18+00:00,2026-09-09T11:21:41+00:00,0.499999986,0.4999999560000001,0.000000005999999999999476,-0.00000002399999993185631,-0.0892240069721808,,bid_ask,exit,Out of range for 5m (limit: 5m),,6.383333333333334,,35
meridian,3EQmL68x9dqEGY3Pwv8TYJ88Dk5kE1MDH3nreMh1L4AZ,5LjukK9FDhTo51wp2zkKdAgSk7yg4khr1v9d3HwKFsQJ,PURPS-SOL,2026-09-09T11:40:17+00:00,2026-09-09T12:22:24+00:00,0.49999997000000007,0.49999908600000004,0.004302838,0.004301953999999997,0.7750689720506898,,bid_ask,exit,Out of range for 5m (limit: 5m),,42.11666666666667,,60
meridian,6yS9o7mYTGWSN4Y7RBZJivaaokMKBDU1mJ5aAfHFseYN,5LjukK9FDhTo51wp2zkKdAgSk7yg4khr1v9d3HwKFsQJ,PURPS-SOL,2026-09-09T12:25:30+00:00,2026-09-09T13:22:45+00:00,0.499999965,0.49617886084850465,0.012248980999999997,0.008427876848504656,0.9305232562506731,,bid_ask,exit,Trailing TP: peak 2.03% → current 1.40% (dropped 0.63% >= 0.6%),,57.25,,69
meridian,C6iDXQwqh6SDqMMMTZiDeeAYr33pfeGSaifJA1uidJNf,FxPPZGPiTNYzgdMkNgAkA8QRZjNxurjBo7JgPt9z4T5X,MADE-SOL,2026-09-09T15:00:21+00:00,2026-09-09T17:39:34+00:00,0.499999967,0.4981035078992345,0.005893332804570926,0.00399687370380547,0.3500212364208579,,bid_ask,exit,Trailing TP: peak 1.29% → current 0.50% (dropped 0.79% >= 0.6%),,159.21666666666667,,68
meridian,8cJEiJkcPYVvfhBJoWNouHTpwosPLrbsL2WGDRhtM8d8,A7N89BDRnHTqiHXu8MMymdn34Vopb9sbtzm5gErN65zB,xBTC-SOL,2026-09-09T18:05:43+00:00,2026-09-09T18:12:50+00:00,0.499999986,0.499992209,0.000007667141195149185,-0.00000010985880483094235,-0.09736973500425705,,bid_ask,exit,Out of range for 5m (limit: 5m),,7.116666666666666,,35
meridian,7KMi7QgcKKAsLXdoPo5nLf8p9jcAa2iN8Z9rZGGaE1N8,7hYCPpH8aKPnVFjX8zW2ZUwFuBKp6YGQJAjvFUnUxCe5,ATTN-SOL,2026-09-09T18:30:20+00:00,2026-09-09T18:38:25+00:00,0.499999986,0.49999992099999996,0.00000005799999999999286,-0.000000007000000024071085,-0.01722601157876369,,bid_ask,exit,Out of range for 5m (limit: 5m),,8.083333333333334,,35
meridian,6NtLiuHp6CW1GwzqcxrthirDTqVsK1xVx1EgJNr7Tfmc,A7N89BDRnHTqiHXu8MMymdn34Vopb9sbtzm5gErN65zB,xBTC-SOL,2026-09-09T18:40:32+00:00,2026-09-09T19:41:07+00:00,0.49999997700000004,0.4999960989869288,0.000052594136044217536,0.000048716122973024856,-0.38541309837204096,,bid_ask,exit,Low yield: fee/TVL 0.27% < min 7% (age: 60m),,60.583333333333336,,47
meridian,86pzFLdw5ZN4Chs98d5w1TJg4nnZ8hn9sVYy7d2dWSjU,9aXA6qqqXueA6Eq9WPRgas4wQgjPCEspzutbaS3UZkXT,CLANKER-SOL,2026-09-09T20:20:11+00:00,2026-09-09T20:27:55+00:00,0.499999971,0.49999860300000004,0.000011370999999999993,0.000010003000000036177,-0.011174916551532021,,bid_ask,exit,Out of range for 6m (limit: 5m),,7.733333333333333,,57
meridian,8zAfF3XEgSUFMAaahi524eMXtFKm3vZuxzGTC2yVP1n2,FWu6SsBbacvjJVNkaFfT75ehHyDkoc9WnQFHkqbW4Vop,S&P 500-SOL,2026-09-09T20:37:01+00:00,2026-09-09T20:40:33+00:00,0.4999999649999999,0.49735717360429654,0.13623792261142087,0.13359513121571753,13.67991567496064,,bid_ask,exit,take profit,,3.533333333333333,,69
meridian,AAB9nfYH5vrCd81QZo2RGo1uXyiQkwAfZJNnNhD97RQk,FWu6SsBbacvjJVNkaFfT75ehHyDkoc9WnQFHkqbW4Vop,S&P 500-SOL,2026-09-09T20:43:11+00:00,2026-09-09T20:46:36+00:00,0.49999997100000004,0.48663435723257115,0.04309482326755454,0.029729209500125586,3.0513345628178428,,bid_ask,exit,take profit,,3.4166666666666665,,57
meridian,4gyYJTp3s71VSW9YN3rVJFDKEK5ZvEBWvhavmKdzQy4h,D2HdXwArgm1TRCSa44p2v2RXNGv3oxe2XaSuW7VX1Zxh,S&P 500-SOL,2026-09-09T20:57:04+00:00,2026-09-09T20:59:01+00:00,0.49999996500000005,0.49999453,0.000004777999999999999,-0.0000006570000000705178,0.030388972777252832,,bid_ask,exit,pumped far above range,,1.95,,69
meridian,4maCm8naKZG9ipfaFMggBhKr5NbkR7YFVszg5E4jZqM6,EqsbD725iSoa23kWnQBjiYT9bcWSH8YJ6WCPYwXYoVNR,Pumpcat-SOL,2026-09-09T20:46:17+00:00,2026-09-09T21:00:01+00:00,0.49999996500000005,0.4999998009999999,0.0023326114399176497,0.0023324474399175066,0.2667311994992758,,bid_ask,exit,Out of range for 5m (limit: 5m),,13.733333333333333,,69
meridian,AM6ZinRAvaxrWieYysLhsfojVzJ3Ab1Kj3wSaPaoh1Ja,D2HdXwArgm1TRCSa44p2v2RXNGv3oxe2XaSuW7VX1Zxh,S&P 500-SOL,2026-09-09T21:10:13+00:00,2026-09-09T21:11:20+00:00,0.49999996499999994,0.4727477217764477,0.02319162991150055,-0.0040606133120517085,-0.42597393636792447,,bid_ask,exit,take profit,,1.1166666666666667,,69
meridian,PuPRNdWLcKuoVqFDDnYFTaX8KBdqRuqtDzSnTJzud5i,9NdiyGfthT9Co6cCMZG5t4YZXpf6hiJFAEvWRPSUz7s6,baton-SOL,2026-09-09T21:26:20+00:00,2026-09-09T21:27:08+00:00,0.499999967,0.49999996699999993,0,-0.00000000000000005551115123125783,0.005843899063847857,,bid_ask,exit,pumped far above range,,0.8,,69
meridian,Gda3W8T3KKdzeVrf947texSWjF468mezGzHm3MAXpoAE,D2HdXwArgm1TRCSa44p2v2RXNGv3oxe2XaSuW7VX1Zxh,S&P 500-SOL,2026-09-09T21:36:02+00:00,2026-09-09T21:38:49+00:00,0.499999965,0.499998795,0.0008372325362906221,0.0008360625362906493,0.1643377873548033,,bid_ask,exit,pumped far above range,,2.783333333333333,,69
meridian,3knKz2Nh4GuKBfekZdyGDTPqEbv3ifHz74FPTV9sVwpW,953MwRPrSjhY6FzjaiGLcEMTKbiXmdfrx6oCs2dx4oAy,FRIES-SOL,2026-09-09T21:30:11+00:00,2026-09-09T21:39:53+00:00,0.499999976,0.47229477728523256,0.014101292,-0.013603906714767466,-1.3918038806822892,,bid_ask,exit,Trailing TP: peak 2.42% → current -1.06% (dropped 3.48% >= 0.6%),,9.7,,46
meridian,CkhW68AAJJewHWKq7YRZyugcKdxnPaLPx3X39GUFJRuQ,3vnFSkGU2foSKWsbH5pEJ6HFstugb5YBELkRGgUdJAeA,NASDUCK-SOL,2026-09-09T22:21:37+00:00,2026-09-09T22:34:53+00:00,0.499999986,0.499997359,0.00008261144150401663,0.00007998444150397743,-0.1805177824775086,,bid_ask,exit,Out of range for 5m (limit: 5m),,13.266666666666667,,35
meridian,8sZBjwjEocH7tfsYFWg2NRBZR2Pzy7YrUebkh7yLAFP2,68C62WPYiiNZxprbuaMj2ULXpiTDKcs5xsX7kBGnyajR,MANLET-SOL,2026-09-09T22:53:00+00:00,2026-09-09T23:09:32+00:00,0.49999996500000005,0.4999979900000001,0.0000017559761408394931,-0.0000002190238591048832,0.14614533160725784,,bid_ask,exit,Out of range for 5m (limit: 5m),,16.533333333333335,,69
meridian,FcNzyQnKL6x4gaLs6yVfGTcFC5kBxC6TQcswrBjAeUjv,8LZK8W9Pp6GrMKCoTALS3AZ6eAX62uKv8bHPY57iXZkL,OTC-SOL,2026-09-09T23:10:17+00:00,2026-09-09T23:48:00+00:00,0.49999998599999995,0.500000135,0.0006981612410687354,0.0006983102410687003,0.2168966961719221,,bid_ask,exit,pumped far above range,,37.71666666666667,,35
meridian,F9d6FpUqm4KY7th23RdKmsgDX8dQWW1Uqu4aFPBDgoNE,GbrDAq3RjcVWeroLDUwmnuQ8N5xaaKj2Rk2dJDg64CLY,EMBER-SOL,2026-09-09T23:56:06+00:00,2026-09-10T00:01:10+00:00,0.499999977,0.5000011280000001,0.019435746321369303,0.01943689732136944,1.9384477053579445,,bid_ask,exit,pumped far above range,,5.066666666666666,,45
meridian,Fk6sSqmr8FSL3JbVnyfFd5kC7NNPbsHkFwGuC9Kx4GK,GbrDAq3RjcVWeroLDUwmnuQ8N5xaaKj2Rk2dJDg64CLY,EMBER-SOL,2026-09-10T00:10:33+00:00,2026-09-10T00:11:09+00:00,0.499999965,0.49999756700000003,0.0000021329999999999913,-0.00000026499999994378243,0.07327456837150947,,bid_ask,exit,pumped far above range,,0.6,,69
meridian,8BUYLe2jUDpjknFQnossMQhYqr2JyaEmZVdsW9qNpV7t,GbrDAq3RjcVWeroLDUwmnuQ8N5xaaKj2Rk2dJDg64CLY,EMBER-SOL,2026-09-10T00:16:14+00:00,2026-09-10T00:20:48+00:00,0.499999965,0.500004706,0.004814035245782006,0.004818776245782086,0.4088433658527748,,bid_ask,exit,pumped far above range,,4.566666666666666,,69
meridian,CdNtyCMf6nttJngc6vDQSVg5GBAzyTqE8qwgPCGbMbi5,EAf6shtt8QGJ7UiSRrDc6pzwXKEmb5s7tCCpSDe5zpzZ,BUTTHOLE-SOL,2026-09-10T02:02:52+00:00,2026-09-10T02:37:10+00:00,0.499999966,0.49999801299999996,0.00034471792795309254,0.00034276492795298763,0.18907825182090932,,bid_ask,exit,Out of range for 5m (limit: 5m),,34.3,,67
meridian,Es62uXVM4QorZQ4JSyNxhMTBgSezKWEBkuyDq4GxCuHc,54sbyULrreD9HBoV5wRWedeCBEw6gQ7VkdHW18rLX78e,CTO-SOL,2026-09-09T22:06:45+00:00,2026-09-10T03:19:44+00:00,0.49999997199999996,0.4932735968791098,0.030043364278862932,0.02331698915797281,2.3485119042954494,,bid_ask,exit,take profit,,312.98333333333335,,55
meridian,3wueAUzid7JZSmUkoHzpszXtzGTfa36LVCb14TgQq6Mt,5LjukK9FDhTo51wp2zkKdAgSk7yg4khr1v9d3HwKFsQJ,PURPS-SOL,2026-09-10T04:10:25+00:00,2026-09-10T04:26:56+00:00,0.49999997699999993,0.499983829,0.000010379999999999992,-0.000005767999999961582,0.02292118125912168,,bid_ask,exit,Out of range for 5m (limit: 5m),,16.516666666666666,,45
meridian,7FyFACk9YwCSjBtLnJ6nrvLPL6LKqqpzV6PbAeEy2CgG,9aXA6qqqXueA6Eq9WPRgas4wQgjPCEspzutbaS3UZkXT,CLANKER-SOL,2026-09-10T08:35:57+00:00,2026-09-10T09:36:09+00:00,0.49999997100000004,0.4999685462491234,0.00057865,0.0005472252491233176,-0.08937997802473774,,bid_ask,exit,Low yield: fee/TVL 2.94% < min 7% (age: 60m),,60.2,,54
meridian,26brWXFXHpZsmKoX8ABJBAjEmQp2aLN7nTV6BwVAaaf1,R88hawBDy3CTiX7F7woKgMJAXbed7f5H38qR4FB2eav,world-SOL,2026-09-10T10:35:17+00:00,2026-09-10T10:41:26+00:00,0.499999986,0.499994404,0.000004987999999999993,-0.0000005940000000204115,0.14054816167875828,,bid_ask,exit,Out of range for 5m (limit: 5m),,6.15,,35
meridian,5vxLSgtPBdD7JQkrjgJCfwfXxic8pMmJujE8RXU4qweC,64BSmy7BESiHnWYzLdPso6FuXymh7H8jTkaiyfbBg1YD,MINI-SOL,2026-09-10T07:20:16+00:00,2026-09-10T11:10:39+00:00,0.4999999809999999,0.499990055,0.0076124766215856276,0.007602550621585713,0.49015299328509343,,bid_ask,exit,Out of range for 5m (limit: 5m),,230.38333333333333,,36
meridian,AYPx514LopQ4FWgo76XxUeoXJp4Zif9pJGdBRRoVdvM8,EyQTPRzUY2VcuiVhJNc8NaYoww2uxTeT4jfb6DqxLxwA,UBI-SOL,2026-09-10T11:05:19+00:00,2026-09-10T12:05:32+00:00,0.49999998100000004,0.49958820358751915,0.000961607276189669,0.0005498298637088284,0.07088326964765912,,bid_ask,exit,Low yield: fee/TVL 4.34% < min 7% (age: 60m),,60.21666666666667,,36
meridian,6DXr2XKY9w5NQXFJrXEF1j9kVbwXfuBh61nqn4qV6gWC,8LZK8W9Pp6GrMKCoTALS3AZ6eAX62uKv8bHPY57iXZkL,OTC-SOL,2026-09-10T12:55:15+00:00,2026-09-10T13:47:31+00:00,0.499999976,0.499998532,0.0006083867389431647,0.0006069427389431281,0.4414983211921353,,bid_ask,exit,Out of range for 6m (limit: 5m),,52.266666666666666,,48
meridian,9tzTFLqgJD5CAPSSH84YLiJQzhyjbBmjLSTEcT8Qq9nU,GbrDAq3RjcVWeroLDUwmnuQ8N5xaaKj2Rk2dJDg64CLY,EMBER-SOL,2026-09-10T14:05:15+00:00,2026-09-10T14:45:42+00:00,0.499999978,0.42972162918585854,0.020092782845570097,-0.05018556596857138,-4.850047067337229,,bid_ask,exit,Stop loss: PnL -9.49% <= -8%,,40.45,,37
meridian,4qz91tPgJ1xqQuG6urPWTgor2ze52x5P5vCjYw4PdTbx,54sbyULrreD9HBoV5wRWedeCBEw6gQ7VkdHW18rLX78e,CTO-SOL,2026-09-10T16:10:20+00:00,2026-09-10T16:19:09+00:00,0.499999981,0.499999978,0.000000001999999999991021,-0.0000000009999999717180685,-0.10932338996606461,,bid_ask,exit,Out of range for 7m (limit: 5m),,8.816666666666666,,36
meridian,2sfhUAhqfPtYUaVGfwE3vRWXMM792khTrB6shJiDzBYW,953MwRPrSjhY6FzjaiGLcEMTKbiXmdfrx6oCs2dx4oAy,FRIES-SOL,2026-09-10T16:38:53+00:00,2026-09-10T16:53:23+00:00,0.499999986,0.499999993,0.000681059,0.0006810660000000079,0.27330900084765375,,bid_ask,exit,Out of range for 5m (limit: 5m),,14.5,,35
meridian,B6MFNZbSAZF4Aw2UqMPaz8mcKb3QX7vHWob1nuEDsLWT,68C62WPYiiNZxprbuaMj2ULXpiTDKcs5xsX7kBGnyajR,MANLET-SOL,2026-09-10T16:20:43+00:00,2026-09-10T17:14:30+00:00,0.49999997100000004,0.499999542,0.0000033767439563190972,0.000002947743956260851,0.33115077606750987,,bid_ask,exit,Out of range for 5m (limit: 5m),,53.78333333333333,,58
meridian,3TztP7LUfGpuUAR67XvwwJQ3unV42oaReC4xeHLQUNjj,EAf6shtt8QGJ7UiSRrDc6pzwXKEmb5s7tCCpSDe5zpzZ,BUTTHOLE-SOL,2026-09-10T18:09:42+00:00,2026-09-10T18:18:31+00:00,0.499997004,0.49999635699999995,0.0000005799999999999905,-0.00000006700000010351204,-0.0899792455227626,,bid_ask,exit,Out of range for 7m (limit: 5m),,8.816666666666666,,77
meridian,96k9gYwyNRYJkx6hD3P1eAb7FCBfPy1rpHZXQEPfb43H,G6eJgyVdupYx23TD3auEr9PFtv2q98jk3pbg5nP58rdh,RUSH-SOL,2026-09-10T19:00:11+00:00,2026-09-10T19:03:53+00:00,0.49999998600000006,0.499988391,0.000010275999999999994,-0.0000013190000001106483,-0.021764224174710023,,bid_ask,exit,pumped far above range,,3.7,,35
meridian,GgqAidAzo6nzoM5dZfZrFu1G6S88QZoGDvstLfUF7NqP,G6eJgyVdupYx23TD3auEr9PFtv2q98jk3pbg5nP58rdh,RUSH-SOL,2026-09-10T19:41:46+00:00,2026-09-10T19:42:19+00:00,0.499999965,0.499999965,0,0,0.007567016842649821,,bid_ask,exit,pumped far above range,,0.55,,69
meridian,9joQVhVNkdv3FS1fa3R6eqvHjq9CtP2SVr1GX3emsV8V,G6eJgyVdupYx23TD3auEr9PFtv2q98jk3pbg5nP58rdh,RUSH-SOL,2026-09-10T19:45:58+00:00,2026-09-10T19:48:51+00:00,0.499999965,0.49666127344169936,0.003465144,0.0001264524416993984,0.004975119486047674,,bid_ask,exit,Trailing TP: peak 1.85% → current 0.27% (dropped 1.58% >= 0.6%),,2.8833333333333333,,69
meridian,9bDUyLPf4yxpEd4Pw5Uy9iHk58NqUNDXSEfEbMNFhuHQ,G6eJgyVdupYx23TD3auEr9PFtv2q98jk3pbg5nP58rdh,RUSH-SOL,2026-09-10T19:50:21+00:00,2026-09-10T19:52:15+00:00,0.49999997700000004,0.4799333486668555,0.018758625,-0.0013080033331445695,-0.08152860125579053,,bid_ask,exit,Trailing TP: peak 3.65% → current -0.95% (dropped 4.60% >= 0.6%),,1.9,,45
meridian,8EETBV2gWPXRgpNPbCqNixzcPjMMdf565SjcS8nrazgk,G6eJgyVdupYx23TD3auEr9PFtv2q98jk3pbg5nP58rdh,RUSH-SOL,2026-09-10T20:05:08+00:00,2026-09-10T20:30:16+00:00,0.49999996500000005,0.5000326900000001,0.007675524000000001,0.007708249000000056,0.9053342480633333,,bid_ask,exit,pumped far above range,,25.133333333333333,,69
meridian,3PterU7Cs4m9QXFVXv9s9wqUBHugZhQemvB7FdJwZBqT,5LjukK9FDhTo51wp2zkKdAgSk7yg4khr1v9d3HwKFsQJ,PURPS-SOL,2026-09-10T20:23:50+00:00,2026-09-10T21:14:13+00:00,0.49999996700000005,0.49999376799999995,0.001179722,0.0011735229999999541,0.09131675428231745,,bid_ask,exit,Out of range for 5m (limit: 5m),,50.38333333333333,,64
meridian,8aYCygwSZBAhykWguX87JnmUd8q5Ns6uJbNjUALMj3ey,EyQTPRzUY2VcuiVhJNc8NaYoww2uxTeT4jfb6DqxLxwA,UBI-SOL,2026-09-10T21:25:39+00:00,2026-09-10T21:31:36+00:00,0.499999986,0.499989898,0.000008965999999999992,-0.0000011220000000200514,0.016957597649465583,,bid_ask,exit,Out of range for 5m (limit: 5m),,5.95,,35
meridian,38M2VkfXPibQphiGLtNd7SGZrKG3ByZrHiwKXoFwAhX3,3vnFSkGU2foSKWsbH5pEJ6HFstugb5YBELkRGgUdJAeA,NASDUCK-SOL,2026-09-10T23:00:28+00:00,2026-09-10T23:05:06+00:00,0.49999996500000005,0.49999892200000007,0.00004207881547771522,0.00004103581547770796,-0.015849725086496846,,bid_ask,exit,pumped far above range,,4.633333333333334,,69
meridian,6syZ2cMGNqdDoYo62J7FZ2w1GSXUwKnPQJP2Ui7DbTZ1,EyQTPRzUY2VcuiVhJNc8NaYoww2uxTeT4jfb6DqxLxwA,UBI-SOL,2026-09-10T22:00:06+00:00,2026-09-10T23:41:45+00:00,0.49999997999999996,0.500016299,0.016840347864401067,0.01685666686440107,1.2917940604483888,,bid_ask,exit,Out of range for 5m (limit: 5m),,101.65,,39
meridian,68Gyg3rF8sGcXH4WSU6vGnx5ZtBMkxHQaufm51UoKFWX,5Hm18bAMV77YtjA1T1hc31Mpk2BcXay9YtkR5kkZW8AT,TAO-SOL,2026-09-10T23:55:21+00:00,2026-09-11T00:55:36+00:00,0.499999984,0.49997887897935195,0.000020330223605787386,-0.0000007747970422466999,0.21359415615571464,,bid_ask,exit,Low yield: fee/TVL 0.10% < min 7% (age: 60m),,60.25,,43
meridian,Cn2ubnS3SKtXZTcgTYhLKKMxY2asnqDmRxPYceqA5vNo,CoqYNCGKpiGgLJJ6DntdbcvKmqTZBrxdvQDrxDCfb9GH,OPENAI-SOL,2026-09-11T02:05:40+00:00,2026-09-11T03:06:08+00:00,0.499999986,0.49999998000000007,0.000018102346472914046,0.000018096346472928904,-0.20845228669004712,,bid_ask,exit,Low yield: fee/TVL 0.09% < min 7% (age: 60m),,60.46666666666667,,36
meridian,6Qf8uv3Awn2DEyLpFeddzQoCQjCwAG7VTKtSmsyCaRL1,GbrDAq3RjcVWeroLDUwmnuQ8N5xaaKj2Rk2dJDg64CLY,EMBER-SOL,2026-09-11T03:10:23+00:00,2026-09-11T03:17:46+00:00,0.49999998599999995,0.499996221,0.000003371999999999998,-0.00000039299999993192003,0.012569969605031872,,bid_ask,exit,Out of range for 5m (limit: 5m),,7.383333333333334,,37
meridian,6F9YhhwGogqDaSsh9Xa27dB5js1Evi4pt89W333b5449,DCh6beahzr11ggjtLzhXyDamPGQguoBSVaAoMA9NEaLk,POLYMARKET-SOL,2026-09-11T03:19:33+00:00,2026-09-11T04:19:39+00:00,0.499999977,0.49999242984056347,0.0007028754102054162,0.0006953282507689007,0.19368485735611074,,bid_ask,exit,Low yield: fee/TVL 3.56% < min 7% (age: 60m),,60.1,,45
meridian,89qEXUEir4y6FDwZBPyxWzaGJ9hqgoLBqbmG6o7SDEQu,DCh6beahzr11ggjtLzhXyDamPGQguoBSVaAoMA9NEaLk,POLYMARKET-SOL,2026-09-11T04:20:23+00:00,2026-09-11T05:20:48+00:00,0.49999997700000004,0.4999942726036509,0.00006800479098234095,0.00006230039463323012,0.12490296351737129,,bid_ask,exit,Low yield: fee/TVL 0.32% < min 7% (age: 60m),,60.416666666666664,,41
meridian,5QFvTMkBgTzgxT6urcafrfgUL1TD7bsAeddTFzTfPmm7,68C62WPYiiNZxprbuaMj2ULXpiTDKcs5xsX7kBGnyajR,MANLET-SOL,2026-09-11T05:40:19+00:00,2026-09-11T06:01:23+00:00,0.4999999810000001,0.49749445227700945,0.006719128604043891,0.004213599881053298,0.49033558483844786,,bid_ask,exit,Trailing TP: peak 1.67% → current 0.77% (dropped 0.90% >= 0.6%),,21.066666666666666,,36
meridian,8hJGMsLDbRktNWPb6QfxjAPPXNKwzzYYSjRx4jsPPFAV,FxPPZGPiTNYzgdMkNgAkA8QRZjNxurjBo7JgPt9z4T5X,MADE-SOL,2026-09-11T02:29:57+00:00,2026-09-11T07:07:11+00:00,0.49999997999999996,0.4911286948823186,0.012595942692597431,0.0037246575749160793,0.7222345513832664,,bid_ask,exit,Trailing TP: peak 1.55% → current 0.81% (dropped 0.74% >= 0.6%),,277.23333333333335,,39
meridian,FEFzYzYW4VquUaiWEgX6HcYbtDgas5b5HCwDGteMFemV,54sbyULrreD9HBoV5wRWedeCBEw6gQ7VkdHW18rLX78e,CTO-SOL,2026-09-11T07:15:08+00:00,2026-09-11T08:00:50+00:00,0.49999996999999996,0.500005793,0.0006838393321490881,0.0006896623321491768,0.027594746025748407,,bid_ask,exit,Out of range for 5m (limit: 5m),,45.7,,63
meridian,Cis3fujMmutDHsQs7xEwU51xvqBBc3zP8oCDrDejntUg,8LZK8W9Pp6GrMKCoTALS3AZ6eAX62uKv8bHPY57iXZkL,OTC-SOL,2026-09-11T08:05:28+00:00,2026-09-11T08:10:55+00:00,0.49999997399999996,0.499991417,0.0000075239999999999995,-0.0000010329999999836303,-0.041821860173698155,,bid_ask,exit,Out of range for 5m (limit: 5m),,5.45,,51
meridian,GmGrQRAP854mpBapHCE2vUmqmBowzwDDv7MyEqokorFw,DCh6beahzr11ggjtLzhXyDamPGQguoBSVaAoMA9NEaLk,POLYMARKET-SOL,2026-09-11T07:35:16+00:00,2026-09-11T08:35:22+00:00,0.4999999809999999,0.500006358,0.00014093186214069947,0.00014730886214081584,0.12243257738902003,,bid_ask,exit,Low yield: fee/TVL 0.73% < min 7% (age: 60m),,60.1,,36
meridian,38DFrWrzHddJtrz9iKR7PAcsqLbb3c8S84jyVCTt8cAR,68C1qyHEyxUrtZapqHmFDSYG7FUdtiPci7jRw9ioH6KZ,METCAT-SOL,2026-09-11T08:25:23+00:00,2026-09-11T08:50:09+00:00,0.49999996500000005,0.43753090054062765,0.011940057863992553,-0.050529006595379844,-5.043356175995783,,bid_ask,exit,Stop loss: PnL -8.90% <= -8%,,24.766666666666666,,69
meridian,9n96xXE6Ew1qyQb1TfFsjHb1Z6JzKrqMn5UXwfyYtuZT,8TNPC3TCLaKQsEkSWk2MzHLpD57rVc2uUMgVKJrytgbk,LOOP-SOL,2026-09-11T09:47:34+00:00,2026-09-11T09:52:46+00:00,0.49999996500000005,0.49999570099999996,0.00015631,0.00015204599999990576,0.03282676528045414,,bid_ask,exit,pumped far above range,,5.2,,69
meridian,C4TzF9e32JnXM7x7K1YJKDZdPUWY94DDonuKxaCbYSoV,953MwRPrSjhY6FzjaiGLcEMTKbiXmdfrx6oCs2dx4oAy,FRIES-SOL,2026-09-11T09:53:23+00:00,2026-09-11T10:02:13+00:00,0.49999998599999995,0.499997416,0.000230422,0.00022785199999997285,-0.019108615999201106,,bid_ask,exit,pumped far above range,,8.833333333333334,,52
meridian,8qSJjeBwqghxMGVRQ6gsuTbEpjVvLeTf3ag1C3EkopQr,3T6pPCvChxMWvGavkyNSFN7UyiMeUwV3NbHHTybPogFC,BUTTHOLE-SOL,2026-09-11T10:10:27+00:00,2026-09-11T11:10:31+00:00,0.49999997100000004,0.49962064302035286,0.0002442960220063785,-0.00013503195764080766,-0.4564901470407463,,bid_ask,exit,Low yield: fee/TVL 1.25% < min 7% (age: 60m),,60.06666666666667,,54
meridian,8wodmVh33amMwHAaW9QjWbxSkJaYtXDFwgycnJQCrBdg,9aXA6qqqXueA6Eq9WPRgas4wQgjPCEspzutbaS3UZkXT,CLANKER-SOL,2026-09-11T08:40:29+00:00,2026-09-11T11:13:16+00:00,0.499999986,0.48745825604072973,0.010631166000000001,-0.0019105639592702506,-0.8578173819965826,,bid_ask,exit,Trailing TP: peak 1.50% → current -1.27% (dropped 2.77% >= 0.6%),,152.78333333333333,,35
meridian,7K5hEpSSGp4jATm8UzjuonsSbJEatVewqrEy1BzXAJ5M,EruDPPb6aL1wmUK32GnkWeWU1FnPfb1sqeznWQDg3Pux,EMBERCAT-SOL,2026-09-11T11:12:51+00:00,2026-09-11T11:15:21+00:00,0.499999965,0.5000068559999999,0.007977522807601774,0.007984413807601731,0.7438354435342873,,bid_ask,exit,pumped far above range,,2.5,,69
meridian,627W6Ag5et7u2TspL2ENM35H9MXxaEUiBAdUqPmYjeEC,DchDNJc71s11WaHzJRjzW4qG6qbYC8ySzbBMcFmnAThk,BULLSHIT-SOL,2026-09-11T11:18:44+00:00,2026-09-11T11:26:38+00:00,0.49999998600000006,0.49999093399999994,0.00000801899999999999,-0.0000010330000000946526,0.08456831675178478,,bid_ask,exit,Out of range for 5m (limit: 5m),,7.9,,35
meridian,9BMuw2oa3vSyjCYZ18AYvU9zviEmiy7w1Gbg7P6SRtZd,JBGqmRZB4csWcQnTMaJGsKBoo4zC1dAoMs7LYGMKqEjD,FLAME-SOL,2026-09-11T11:35:10+00:00,2026-09-11T11:36:43+00:00,0.49999668999999997,0.499995288,0.00007633424055291909,0.00007493224055293846,0.0019267378991969508,,bid_ask,exit,pumped far above range,,1.55,,87
meridian,4tH5CcjLyzNFQSNbVGtwCh2SctKsQHkURshiPdxXPULf,3vnFSkGU2foSKWsbH5pEJ6HFstugb5YBELkRGgUdJAeA,NASDUCK-SOL,2026-09-11T11:23:18+00:00,2026-09-11T11:41:26+00:00,0.499999986,0.49998587599999994,0.00012740658870095384,0.00011329658870090631,0.13840646202635298,,bid_ask,exit,Out of range for 5m (limit: 5m),,18.133333333333333,,35
meridian,A335JbTK1NsZT3vLA1uRYwfFdHDedBcDtqRbxNE4BC1o,CnK1jPqSuhbz1ZEHHhVmud3bkUQyHWsqvRuvW1wQGF9f,EMBERCAT-SOL,2026-09-11T11:57:35+00:00,2026-09-11T12:03:24+00:00,0.499999965,0.49891951487874586,0.014116769368544743,0.01303631924729065,1.3583092749589412,,bid_ask,exit,Trailing TP: peak 4.16% → current 2.58% (dropped 1.58% >= 0.6%),,5.816666666666666,,69
meridian,GsZBwpivYwiEwUd7ZpKrE6tWPXT1k2XBiwxJpX43WmHW,JBGqmRZB4csWcQnTMaJGsKBoo4zC1dAoMs7LYGMKqEjD,FLAME-SOL,2026-09-11T11:50:05+00:00,2026-09-11T12:04:09+00:00,0.49999997,0.4929446639258572,0.022269224480472152,0.015213918406329296,1.5741509544890633,,bid_ask,exit,Trailing TP: peak 2.56% → current 1.32% (dropped 1.24% >= 0.6%),,14.066666666666666,,61
meridian,DzK8qVQ14XrPE6fb1gbBxXkJbff1cAHSUJNCgBSd6u2F,JBGqmRZB4csWcQnTMaJGsKBoo4zC1dAoMs7LYGMKqEjD,FLAME-SOL,2026-09-11T12:19:43+00:00,2026-09-11T12:36:46+00:00,0.49999996500000005,0.48840160463694876,0.042064237888997665,0.030465877525946372,3.61752925877569,,bid_ask,exit,take profit,,17.05,,69
meridian,6qQoBSrvrURUe7oZkwqoXDJm7BiYCBi7dUEY6rKohKPa,CnK1jPqSuhbz1ZEHHhVmud3bkUQyHWsqvRuvW1wQGF9f,EMBERCAT-SOL,2026-09-11T12:22:07+00:00,2026-09-11T12:38:53+00:00,0.49999996500000005,0.4997633069946269,0.03428220072339242,0.03404554271801924,4.292865096536076,,bid_ask,exit,take profit,,16.766666666666666,,69
meridian,DXHecxiUqf8T1tgAtZZqJHGYfmZaCP3FXqpgY6SnG8DA,5Vo1BAJ888m3Mn5dVxLNXtCkdmxVN6RDNDocMHM75yG,FROGE-SOL,2026-09-11T12:45:18+00:00,2026-09-11T12:57:40+00:00,0.49999998599999995,0.4972800132394433,0.004216593379865466,0.001496620619308886,0.34885167692244323,,bid_ask,exit,Trailing TP: peak 1.41% → current 0.55% (dropped 0.86% >= 0.6%),,12.366666666666667,,52
meridian,3LmKUDv2iZyjvFTzSMNS7u1WSvd5X6mX5QbXJFzFikVM,CnK1jPqSuhbz1ZEHHhVmud3bkUQyHWsqvRuvW1wQGF9f,EMBERCAT-SOL,2026-09-11T12:39:52+00:00,2026-09-11T13:39:58+00:00,0,0,0,0,0,,unknown,exit,Low yield: fee/TVL 0.00% < min 7% (age: 60m),,60.1,,69
meridian,B7yJJTHnPLaw6yzjUgrdg2DocvogcotSKib3AyxRNs9c,3T6pPCvChxMWvGavkyNSFN7UyiMeUwV3NbHHTybPogFC,BUTTHOLE-SOL,2026-09-11T13:30:26+00:00,2026-09-11T13:40:54+00:00,0.49999997799999996,0.49998677999999996,0.000013476170778501093,0.00000027817077852265726,-0.05984497698361224,,bid_ask,exit,Out of range for 5m (limit: 5m),,10.466666666666667,,37
meridian,6xYV9ZsgZACBwTHyvVGqVJcDKLxJss6XYjxyU7aM87BB,EruDPPb6aL1wmUK32GnkWeWU1FnPfb1sqeznWQDg3Pux,EMBERCAT-SOL,2026-09-11T13:54:56+00:00,2026-09-11T14:00:03+00:00,0.499999965,0.49999996500000005,0,0.00000000000000005551115123125783,0.621167322772628,,bid_ask,exit,Out of range for 5m (limit: 5m),,5.116666666666666,,69
meridian,4dHN7D4GJbynsVkajZM6Tt9WomdWmVaro96nQHJ8sNku,14ndNPtnZ8XxXSSVTDW4MFaq58DeJpTC2FC8mvCB1goJ,ETHICS-SOL,2026-09-11T13:11:44+00:00,2026-09-11T14:03:21+00:00,0.499999965,0.496179272172859,0.005784995513358273,0.0019643026862172785,2.350191535654318,,bid_ask,exit,take profit,,51.61666666666667,,69
meridian,GtUy7YzSqNECmsRPMv7RnM6yvUiT7LzANWUQzXG5e8X6,CnK1jPqSuhbz1ZEHHhVmud3bkUQyHWsqvRuvW1wQGF9f,EMBERCAT-SOL,2026-09-11T14:43:36+00:00,2026-09-11T14:47:00+00:00,0.499999965,0.499999958,0.000000005999999999994676,-0.0000000009999999717180685,0.07198924134933549,,bid_ask,exit,pumped far above range,,3.4,,69
meridian,GsdFRBRUePNFjg1Edco8vzJDkRmHi5jhVtuiHazvNJNT,BN7CfsGm6Vq9w8NibLZXRGW2tp5y2axwXuLAs85NGakf,baton-SOL,2026-09-11T15:02:34+00:00,2026-09-11T15:12:34+00:00,0.499999975,0.49999997299999993,0.00007240404367617735,0.00007240204367614522,-0.031971891617175174,,bid_ask,exit,Out of range for 5m (limit: 5m),,10.0,,49
meridian,9NDYnuUi8mfCXe9syYn6jrbYhzKHR3c2XCJdkWz4CmBo,CnK1jPqSuhbz1ZEHHhVmud3bkUQyHWsqvRuvW1wQGF9f,EMBERCAT-SOL,2026-09-11T15:20:05+00:00,2026-09-11T15:24:41+00:00,0.49999996499999994,0.49999836599999997,0.0000014299999999999924,-0.00000016899999993880144,0.1235984756322992,,bid_ask,exit,pumped far above range,,4.6,,69
meridian,9VW91MaSE536Ca76CjfSiDtKhKpDkLRpikQqYQWHGTWX,5LjukK9FDhTo51wp2zkKdAgSk7yg4khr1v9d3HwKFsQJ,PURPS-SOL,2026-09-11T14:44:50+00:00,2026-09-11T15:51:52+00:00,0.49999997399999996,0.4987164525835369,0.016010437000000002,0.014726915583537004,1.2127309693359436,,bid_ask,exit,Trailing TP: peak 3.16% → current 2.30% (dropped 0.86% >= 0.6%),,67.03333333333333,,51
meridian,7cHi9yySL6h533s7h2yFdE3i7rs6ymLXKuDkZHQEBhei,CnK1jPqSuhbz1ZEHHhVmud3bkUQyHWsqvRuvW1wQGF9f,EMBERCAT-SOL,2026-09-11T15:48:40+00:00,2026-09-11T16:02:08+00:00,0.49999996500000005,0.49999235300000006,0.00003724050968419299,0.00002962850968418751,-0.6105619936087976,,bid_ask,exit,Out of range for 5m (limit: 5m),,13.466666666666667,,69
meridian,EBvQKJoRc4KNQJAfc46wyeCDCa5GsdSJT36CTdL86sdB,BN7CfsGm6Vq9w8NibLZXRGW2tp5y2axwXuLAs85NGakf,baton-SOL,2026-09-11T16:15:06+00:00,2026-09-11T16:21:18+00:00,0.499999973,0.4888438386793538,0.016795817696670254,0.005639683376024052,0.35977043082154836,,bid_ask,exit,Trailing TP: peak 1.76% → current 0.31% (dropped 1.45% >= 0.6%),,6.2,,59
meridian,AxnyDzKQR6zjAMvrzZ97Rp4xTxtUTnhPcLLnBGPRAdk7,BN7CfsGm6Vq9w8NibLZXRGW2tp5y2axwXuLAs85NGakf,baton-SOL,2026-09-11T16:22:52+00:00,2026-09-11T16:25:08+00:00,0.49999998599999995,0.49999804600000003,0.000005700877197525823,0.000003760877197556134,-0.037703117218420346,,bid_ask,exit,pumped far above range,,2.2666666666666666,,35
meridian,CEBYbqq5qZBYHYhVapqmP2HEgTg61SbCUJr7KQUfvVXW,5TKiFFGEtCkRvQbxpBFe1x5VLJ1udzjWqaB4DgvY3X8y,PUMPCAT-SOL,2026-09-11T16:17:27+00:00,2026-09-11T16:26:24+00:00,0.499999974,0.47739256439851063,0.00939635948776768,-0.0132110501137217,-1.467743958803112,,bid_ask,exit,Trailing TP: peak 1.44% → current -1.95% (dropped 3.39% >= 0.6%),,8.95,,50
meridian,21jKVxTqrcPj4yNSqBswWkW392kA62ey2PzG1i2fN7Bm,964wu1n7UsAqF99X4hquVZYZXfMGAPjfGRNquhtpZNiJ,GETSTONKED-SOL,2026-09-11T16:29:06+00:00,2026-09-11T16:35:06+00:00,0.499999965,0.499993202,0.000005873999999999998,-0.0000008889999999484033,0.03647069652595292,,bid_ask,exit,pumped far above range,,6.0,,69
meridian,DuPkvhrE2efyt9BdCkuNManQ6wpZ9UptL2z3hZGVUhXv,14ndNPtnZ8XxXSSVTDW4MFaq58DeJpTC2FC8mvCB1goJ,ETHICS-SOL,2026-09-11T16:43:57+00:00,2026-09-11T16:55:24+00:00,0.499999965,0.49998855099999995,0.000008495999999999991,-0.000002918000000018406,0.19208569261530073,,bid_ask,exit,Out of range for 5m (limit: 5m),,11.45,,69
meridian,5aBi4GcKQxjHZLJwX2y7xAtJMhbNkUtKNTtqot7dd7RV,5A15QUc6kMxw9dsVpVUv6ZdTTBeyWBN2scyy1MEQJFQs,GTA6-SOL,2026-09-11T16:39:41+00:00,2026-09-11T16:58:27+00:00,0.49999997,0.499997833,0.000004580685097580843,0.0000024436850975528834,0.26478080949293314,,bid_ask,exit,Out of range for 5m (limit: 5m),,18.766666666666666,,63
meridian,8uchbUyT5URarv1KqWcQoEu33J1iNuGAf5VrdDGU37x9,EyQTPRzUY2VcuiVhJNc8NaYoww2uxTeT4jfb6DqxLxwA,UBI-SOL,2026-09-11T17:00:18+00:00,2026-09-11T18:42:14+00:00,0.499999986,0.4991155115810281,0.010528243155765695,0.00964376873679379,0.4887180198015173,,bid_ask,exit,Trailing TP: peak 1.29% → current 0.69% (dropped 0.60% >= 0.6%),,101.93333333333334,,35
meridian,FJ8vCCb5ghhujwgz7nZnhtSRrZmMnY4NARJP7ov1gbhM,68C62WPYiiNZxprbuaMj2ULXpiTDKcs5xsX7kBGnyajR,MANLET-SOL,2026-09-11T18:55:33+00:00,2026-09-11T19:00:51+00:00,0.499999974,0.499995167,0.0000042699999999999905,-0.0000005370000000226582,0.14729623088224741,,bid_ask,exit,Out of range for 5m (limit: 5m),,5.3,,51
meridian,2QZpUw19s6xsmjyt8S79Fye1R16ocE5dbAbRtwu7sn44,A7N89BDRnHTqiHXu8MMymdn34Vopb9sbtzm5gErN65zB,xBTC-SOL,2026-09-11T18:45:20+00:00,2026-09-11T19:45:28+00:00,0.499999986,0.49999346307885695,0.00008134638467349036,0.0000748234635304379,0.026479121815292217,,bid_ask,exit,Low yield: fee/TVL 0.35% < min 7% (age: 60m),,60.13333333333333,,35
meridian,9VT4y3AdEykaKpSop1JY2FGkEUyK3cAraf5CXRAhG6Xb,54sbyULrreD9HBoV5wRWedeCBEw6gQ7VkdHW18rLX78e,CTO-SOL,2026-09-11T20:12:09+00:00,2026-09-11T20:17:27+00:00,0.499999986,0.49999586000000007,0.0000036399999999999906,-0.0000004859999999107245,0.009864621646158866,,bid_ask,exit,Out of range for 5m (limit: 5m),,5.3,,52
meridian,7ssYkdAvFwH9CXniXQ64a8nm5jDPduahC7TeRRcMx2k,FxPPZGPiTNYzgdMkNgAkA8QRZjNxurjBo7JgPt9z4T5X,MADE-SOL,2026-09-11T19:44:24+00:00,2026-09-11T20:30:56+00:00,0.49999997600000007,0.49999999,0.00020545078944230147,0.00020546478944222235,0.42540367952445735,,bid_ask,exit,Out of range for 5m (limit: 5m),,46.53333333333333,,46
meridian,EmDoeU7p2VQUoim6V61KX6wvmtVHyE2R4azDZRLZ35uX,FpP5SnzBnHJ5M9wS7fCuYiiSuXUPLNQKpk7qndeZxKZZ,ALL-SOL,2026-09-11T21:16:21+00:00,2026-09-11T21:19:13+00:00,0.499999965,0.4908487307398859,0.05343252537126446,0.04428129111115031,4.578122570218092,,bid_ask,exit,take profit,,2.8666666666666667,,69
meridian,DFShoLnGSbkpuDtQDQbJhSrbS8c5KjhMv2NiqCSVpiQT,FpP5SnzBnHJ5M9wS7fCuYiiSuXUPLNQKpk7qndeZxKZZ,ALL-SOL,2026-09-11T21:20:35+00:00,2026-09-11T21:21:21+00:00,0.499999965,0.5000009999999999,0.0004179501419683268,0.0004189851419682533,0.05779498413777162,,bid_ask,exit,pumped far above range,,0.7666666666666667,,69
meridian,HNcNDewNHtE55Qho9H3WF7fmZrPpWtPrf4P1dfNuAwqf,64BSmy7BESiHnWYzLdPso6FuXymh7H8jTkaiyfbBg1YD,MINI-SOL,2026-09-11T20:55:13+00:00,2026-09-11T21:35:07+00:00,0.49999831600000005,0.4999892,0.00015578256412705587,0.00014666656412704038,0.3140133002800667,,bid_ask,exit,Out of range for 5m (limit: 5m),,39.9,,72
meridian,3tCsDkJK2mK95LkhUggcJTwZrdHLqwjfFdCiY77MovVo,FpP5SnzBnHJ5M9wS7fCuYiiSuXUPLNQKpk7qndeZxKZZ,ALL-SOL,2026-09-11T22:00:43+00:00,2026-09-11T22:01:29+00:00,0.499999965,0.499999965,0,0,-0.027652397719784005,,bid_ask,exit,pumped far above range,,0.7666666666666667,,69
meridian,9bmA2JQecD97sj42KVfjTM2wJzDsc1KyUm4KmXTKiicC,FpP5SnzBnHJ5M9wS7fCuYiiSuXUPLNQKpk7qndeZxKZZ,ALL-SOL,2026-09-11T22:35:25+00:00,2026-09-11T22:36:22+00:00,0.499999977,0.499998595,0.0000012429999999999987,-0.00000013900000001010326,-0.015880486663895965,,bid_ask,exit,pumped far above range,,0.95,,41
meridian,ADfmRjekR8j4FA2VSHbKbRxrUiZin3NkUJM3d8Qw1rBv,DCh6beahzr11ggjtLzhXyDamPGQguoBSVaAoMA9NEaLk,POLYMARKET-SOL,2026-09-11T22:41:05+00:00,2026-09-11T22:47:58+00:00,0.499999986,0.499998161,0.000025661078920571637,0.000023836078920591586,-0.07042040036335351,,bid_ask,exit,Out of range for 5m (limit: 5m),,6.883333333333334,,35
meridian,4FiRfVuknf7rS9ckCzdErSEQ23s4awVvthKX6XE9MRNx,FpP5SnzBnHJ5M9wS7fCuYiiSuXUPLNQKpk7qndeZxKZZ,ALL-SOL,2026-09-11T22:51:16+00:00,2026-09-11T22:58:49+00:00,0.499999965,0.499997969,0.0075665722647274974,0.007564576264727507,0.8071117929503444,,bid_ask,exit,pumped far above range,,7.55,,69
meridian,4Pa3kyWQ79pcq1LGNXWRtcyoi3Heg3Wz3SCQitpQtLeB,FpP5SnzBnHJ5M9wS7fCuYiiSuXUPLNQKpk7qndeZxKZZ,ALL-SOL,2026-09-11T23:00:19+00:00,2026-09-11T23:05:02+00:00,0,0,0,0,0,,unknown,exit,pumped far above range,,4.716666666666667,,69
meridian,ANCXKPmw87vwjWUXwNQ2q4p63EZS4xaJen7xxr7PuJ8k,FpP5SnzBnHJ5M9wS7fCuYiiSuXUPLNQKpk7qndeZxKZZ,ALL-SOL,2026-09-11T23:10:30+00:00,2026-09-11T23:12:19+00:00,0.499999986,0.499977492,0.0004399538755653517,0.00041745987556535136,0.03605386930883725,,bid_ask,exit,pumped far above range,,1.8166666666666667,,35
meridian,4fsNWx7qdEbY1mDym5vDG9nSN36x99aWjsEzh2wQxSKt,FpP5SnzBnHJ5M9wS7fCuYiiSuXUPLNQKpk7qndeZxKZZ,ALL-SOL,2026-09-11T23:21:09+00:00,2026-09-11T23:21:55+00:00,0.499999965,0.49999898599999987,0.0000008689999999999959,-0.00000011000000010863431,-0.020940471665632288,,bid_ask,exit,pumped far above range,,0.7666666666666667,,69
meridian,DzYmhbDjt455H82h7o9AqQu2xBcivTtZvExDMu5tCX52,FpP5SnzBnHJ5M9wS7fCuYiiSuXUPLNQKpk7qndeZxKZZ,ALL-SOL,2026-09-11T23:30:12+00:00,2026-09-11T23:31:37+00:00,0.49999997900000004,0.499998905,0.00007767014015660435,0.00007659614015653737,0.001786497733895942,,bid_ask,exit,pumped far above range,,1.4166666666666667,,42
meridian,BuRst8ZASkGWE6neMZzSp11ajdxqVUbBRDeL6R4hSxUY,G6migXbRRTvVhWLQC1KyqXDT2xjVkjcgcyDxSWt3URXG,EMBER-SOL,2026-09-11T23:40:24+00:00,2026-09-11T23:52:16+00:00,0.499999974,0.4999986830000001,0.0000037096243659616875,0.0000024186243660628826,0.0497985493927402,,bid_ask,exit,Out of range for 5m (limit: 5m),,11.866666666666667,,51
meridian,A45ahPH8mEDyGpQ9jgxrPc5wW3HLGZwM6rvyCSs8pcUE,3vnFSkGU2foSKWsbH5pEJ6HFstugb5YBELkRGgUdJAeA,NASDUCK-SOL,2026-09-11T23:54:11+00:00,2026-09-12T00:00:22+00:00,0.49999998399999995,0.49998625300000005,0.000011909999999999993,-0.0000018209999999019288,0.008189853750693032,,bid_ask,exit,Out of range for 5m (limit: 5m),,6.183333333333334,,43
meridian,EJTLcUVnUowymS9yCK6FYfrbQxsLZoPpQbHJH7Dg4DWK,JBGqmRZB4csWcQnTMaJGsKBoo4zC1dAoMs7LYGMKqEjD,FLAME-SOL,2026-09-12T00:42:14+00:00,2026-09-12T00:43:38+00:00,0.49999996499999994,0.499999994,0.0000032425127976055265,0.0000032715127977200886,-0.036390509348613875,,bid_ask,exit,pumped far above range,,1.4,,69
meridian,396pC5G8yDWKipTReMNttcxqXne7H9SkzM79q3zAL4no,9aXA6qqqXueA6Eq9WPRgas4wQgjPCEspzutbaS3UZkXT,CLANKER-SOL,2026-09-12T01:21:05+00:00,2026-09-12T02:09:54+00:00,0.49999998600000006,0.49792482816919065,0.003634188000000001,0.0015590301691905672,0.04107502535291019,,bid_ask,exit,Trailing TP: peak 1.21% → current 0.31% (dropped 0.90% >= 0.6%),,48.81666666666667,,35
meridian,GyjmiCBqawAqfEyNiaCH1rimtSaMg742ZhDAKQxJ8GDF,5Vo1BAJ888m3Mn5dVxLNXtCkdmxVN6RDNDocMHM75yG,FROGE-SOL,2026-09-12T02:35:26+00:00,2026-09-12T02:43:07+00:00,0.49999998599999995,0.4999885740000001,0.00003833199092755267,0.000026919990927631865,-0.034113753443470785,,bid_ask,exit,pumped far above range,,7.683333333333334,,35
meridian,EH4iFwjKhTSBa1fsUtqvA7empjNwXwFMkMs7qQYVsDHj,3T6pPCvChxMWvGavkyNSFN7UyiMeUwV3NbHHTybPogFC,BUTTHOLE-SOL,2026-09-12T03:35:25+00:00,2026-09-12T04:35:34+00:00,0.499999967,0.4999998330016991,0.000020787503618906492,0.000020653505318046772,0.06612009171098521,,bid_ask,exit,Low yield: fee/TVL 0.11% < min 7% (age: 60m),,60.15,,68
meridian,8ujTL5Kab8V83aLNZK2dVKi1uXrudxTwQZwBhWkZavgF,ErwEeF8y8uLR7LkJcL3xRUuN1d8SrMLZJB92Ydq8vfdw,DOGE-1-SOL,2026-09-12T02:12:09+00:00,2026-09-12T05:53:54+00:00,0.499999986,0.4998846962061463,0.0053990637954034,0.005283774001549724,0.4018106084525854,,bid_ask,exit,Low yield: fee/TVL 6.91% < min 7% (age: 221m),,221.75,,35
meridian,9gH9nabp77YYyg4SJgfGzRDNqd2SzR5CUFTw9DrZ2f9g,BN7CfsGm6Vq9w8NibLZXRGW2tp5y2axwXuLAs85NGakf,baton-SOL,2026-09-12T06:20:18+00:00,2026-09-12T06:22:15+00:00,0.499999971,0.499999971,0.000019921866855232135,0.000019921866855232562,0.027424312955034225,,bid_ask,exit,pumped far above range,,1.95,,57
meridian,8n3sbUXMaBkjQJi8jc9FzsUshUhET23aUwdiTB9e6wJi,54sbyULrreD9HBoV5wRWedeCBEw6gQ7VkdHW18rLX78e,CTO-SOL,2026-09-12T08:40:14+00:00,2026-09-12T09:17:26+00:00,0.499999971,0.49999407,0.000004826999999999998,-0.0000010739999999898053,0.13587316725613618,,bid_ask,exit,Out of range for 5m (limit: 5m),,37.2,,57
meridian,9HJgeoQjUWCux77LuJRqGvg9c2pjFyNf2HzVRDqScujY,CnK1jPqSuhbz1ZEHHhVmud3bkUQyHWsqvRuvW1wQGF9f,EMBERCAT-SOL,2026-09-12T09:14:18+00:00,2026-09-12T09:20:17+00:00,0.499999982,0.49721566401260975,0.002896611798837431,0.00011229381144711725,0.03658350781128661,,bid_ask,exit,Trailing TP: peak 2.20% → current -0.10% (dropped 2.30% >= 0.6%),,5.983333333333333,,35
meridian,HCXSnDcXsRVyV2BjpLpDDU7w5hEwRhT1i7z1HrkYEFnn,5LjukK9FDhTo51wp2zkKdAgSk7yg4khr1v9d3HwKFsQJ,PURPS-SOL,2026-09-12T09:50:20+00:00,2026-09-12T10:32:31+00:00,0.49999996499999994,0.49999683199999995,0.000015666999999999998,0.000012534000000063994,-0.010985073736513584,,bid_ask,exit,pumped far above range,,42.18333333333333,,69
meridian,E7ydvYZNt8wtXd64RCkXe1bSbDqvVyHQUAspMmpNNxML,JBGqmRZB4csWcQnTMaJGsKBoo4zC1dAoMs7LYGMKqEjD,FLAME-SOL,2026-09-12T12:48:27+00:00,2026-09-12T13:17:08+00:00,0.49999997599999996,0.4548078737564937,0.02111264168066523,-0.02407946056284105,-2.6420486479042893,,bid_ask,exit,Stop loss: PnL -8.25% <= -8%,,28.683333333333334,,48
meridian,CNZ8y9JpW95WsgMCn7NUkyDRyzGjHTfhbNQF3eEFFhfp,FpP5SnzBnHJ5M9wS7fCuYiiSuXUPLNQKpk7qndeZxKZZ,ALL-SOL,2026-09-12T12:50:23+00:00,2026-09-12T13:37:20+00:00,0.499999971,0.4937098190632011,0.017833365042221074,0.011543213105422223,1.031282987074583,,bid_ask,exit,Trailing TP: peak 2.75% → current 2.12% (dropped 0.63% >= 0.6%),,46.95,,57
meridian,DysVkcnKeSh9NzG1me5xXsiH5G9mQ9R9HcHBnhApGP8X,3vnFSkGU2foSKWsbH5pEJ6HFstugb5YBELkRGgUdJAeA,NASDUCK-SOL,2026-09-12T14:25:47+00:00,2026-09-12T14:55:50+00:00,0.499999986,0.49999230100000003,0.000006305999999999999,-0.0000013789999999680447,0.011363256736707683,,bid_ask,exit,Out of range for 5m (limit: 5m),,30.05,,35
meridian,3BGRAoGVXHdM61dMgamB5vma2kDYQJp7q1CA9a9jTCtP,B8BH6ZKr64agqNWG51CQWUKrLZZw5L31u2K6hubsZfyf,NEARKAT-SOL,2026-09-12T15:15:27+00:00,2026-09-12T15:23:11+00:00,0.49999997700000004,0.4999991570000001,0.00015882899009538997,0.00015800899009538183,0.020531362200287617,,bid_ask,exit,Out of range for 5m (limit: 5m),,7.733333333333333,,41
